unsigned char favicon_ico[] = {
  0x00, 0x00, 0x01, 0x00, 0x01, 0x00, 0x40, 0x40, 0x00, 0x00, 0x01, 0x00, 0x20, 0x00, 0x28, 0x42,
  0x00, 0x00, 0x16, 0x00, 0x00, 0x00, 0x28, 0x00, 0x00, 0x00, 0x40, 0x00, 0x00, 0x00, 0x80, 0x00,
  0x00, 0x00, 0x01, 0x00, 0x20, 0x00, 0x00, 0x00, 0x00, 0x00, 0x00, 0x40, 0x00, 0x00, 0x00, 0x00,
  0x00, 0x00, 0x00, 0x00, 0x00, 0x00, 0x00, 0x00, 0x00, 0x00, 0x00, 0x00, 0x00, 0x00, 0x00, 0x00,
  0x00, 0x00, 0x00, 0x00, 0x00, 0x00, 0x00, 0x00, 0x00, 0x00, 0x00, 0x00, 0x00, 0x00, 0x00, 0x00,
  0x00, 0x00, 0x00, 0x00, 0x00, 0x00, 0x00, 0x00, 0x00, 0x00, 0x00, 0x00, 0x00, 0x00, 0x00, 0x00,
  0x00, 0x00, 0x00, 0x00, 0x00, 0x00, 0x00, 0x00, 0x00, 0x00, 0x00, 0x00, 0x00, 0x00, 0x00, 0x00,
  0x00, 0x00, 0x00, 0x00, 0x00, 0x00, 0x00, 0x00, 0x00, 0x00, 0x00, 0x00, 0x00, 0x00, 0x00, 0x00,
  0x00, 0x00, 0x00, 0x00, 0x00, 0x00, 0x00, 0x00, 0x00, 0x00, 0x00, 0x00, 0x00, 0x00, 0x00, 0x00,
  0x00, 0x00, 0x00, 0x00, 0x00, 0x00, 0x00, 0x00, 0x00, 0x00, 0xa3, 0x53, 0x18, 0x04, 0xaa, 0x57,
  0x1a, 0x22, 0xb0, 0x5a, 0x1b, 0x54, 0xb4, 0x5d, 0x1c, 0x85, 0xb7, 0x5f, 0x1c, 0xad, 0xb9, 0x60,
  0x1d, 0xd1, 0xba, 0x61, 0x1d, 0xe9, 0xbb, 0x61, 0x1d, 0xf7, 0xbb, 0x61, 0x1e, 0xfd, 0xbb, 0x61,
  0x1e, 0xfd, 0xbb, 0x61, 0x1d, 0xf7, 0xba, 0x61, 0x1d, 0xe9, 0xb9, 0x60, 0x1d, 0xd1, 0xb7, 0x5f,
  0x1c, 0xad, 0xb4, 0x5d, 0x1c, 0x85, 0xb0, 0x5a, 0x1b, 0x54, 0xaa, 0x57, 0x1a, 0x22, 0xa3, 0x53,
  0x18, 0x04, 0x00, 0x00, 0x00, 0x00, 0x00, 0x00, 0x00, 0x00, 0x00, 0x00, 0x00, 0x00, 0x00, 0x00,
  0x00, 0x00, 0x00, 0x00, 0x00, 0x00, 0x00, 0x00, 0x00, 0x00, 0x00, 0x00, 0x00, 0x00, 0x00, 0x00,
  0x00, 0x00, 0x00, 0x00, 0x00, 0x00, 0x00, 0x00, 0x00, 0x00, 0x00, 0x00, 0x00, 0x00, 0x00, 0x00,
  0x00, 0x00, 0x00, 0x00, 0x00, 0x00, 0x00, 0x00, 0x00, 0x00, 0x00, 0x00, 0x00, 0x00, 0x00, 0x00,
  0x00, 0x00, 0x00, 0x00, 0x00, 0x00, 0x00, 0x00, 0x00, 0x00, 0x00, 0x00, 0x00, 0x00, 0x00, 0x00,
  0x00, 0x00, 0x00, 0x00, 0x00, 0x00, 0x00, 0x00, 0x00, 0x00, 0x00, 0x00, 0x00, 0x00, 0x00, 0x00,
  0x00, 0x00, 0x00, 0x00, 0x00, 0x00, 0x00, 0x00, 0x00, 0x00, 0x00, 0x00, 0x00, 0x00, 0x00, 0x00,
  0x00, 0x00, 0x00, 0x00, 0x00, 0x00, 0x00, 0x00, 0x00, 0x00, 0x00, 0x00, 0x00, 0x00, 0x00, 0x00,
  0x00, 0x00, 0x00, 0x00, 0x00, 0x00, 0x00, 0x00, 0x00, 0x00, 0x00, 0x00, 0x00, 0x00, 0x00, 0x00,
  0x00, 0x00, 0x00, 0x00, 0x00, 0x00, 0x00, 0x00, 0x00, 0x00, 0x00, 0x00, 0x00, 0x00, 0x00, 0x00,
  0x00, 0x00, 0x00, 0x00, 0x00, 0x00, 0x00, 0x00, 0x00, 0x00, 0x9f, 0x51, 0x17, 0x00, 0xa7, 0x56,
  0x19, 0x08, 0xae, 0x5a, 0x1a, 0x3c, 0xb5, 0x5e, 0x1c, 0x8d, 0xba, 0x61, 0x1d, 0xd5, 0xbf, 0x64,
  0x1e, 0xf7, 0xc2, 0x67, 0x1f, 0xff, 0xc4, 0x68, 0x20, 0xff, 0xc5, 0x69, 0x20, 0xff, 0xc5, 0x69,
  0x21, 0xff, 0xc6, 0x6a, 0x21, 0xff, 0xc6, 0x6a, 0x21, 0xff, 0xc6, 0x6a, 0x21, 0xff, 0xc6, 0x6a,
  0x21, 0xff, 0xc6, 0x6a, 0x21, 0xff, 0xc6, 0x6a, 0x21, 0xff, 0xc5, 0x69, 0x21, 0xff, 0xc5, 0x69,
  0x20, 0xff, 0xc4, 0x68, 0x20, 0xff, 0xc2, 0x67, 0x1f, 0xff, 0xbf, 0x64, 0x1e, 0xf7, 0xba, 0x61,
  0x1d, 0xd5, 0xb5, 0x5e, 0x1c, 0x8d, 0xae, 0x5a, 0x1a, 0x3c, 0xa7, 0x56, 0x19, 0x08, 0x9f, 0x51,
  0x17, 0x00, 0x00, 0x00, 0x00, 0x00, 0x00, 0x00, 0x00, 0x00, 0x00, 0x00, 0x00, 0x00, 0x00, 0x00,
  0x00, 0x00, 0x00, 0x00, 0x00, 0x00, 0x00, 0x00, 0x00, 0x00, 0x00, 0x00, 0x00, 0x00, 0x00, 0x00,
  0x00, 0x00, 0x00, 0x00, 0x00, 0x00, 0x00, 0x00, 0x00, 0x00, 0x00, 0x00, 0x00, 0x00, 0x00, 0x00,
  0x00, 0x00, 0x00, 0x00, 0x00, 0x00, 0x00, 0x00, 0x00, 0x00, 0x00, 0x00, 0x00, 0x00, 0x00, 0x00,
  0x00, 0x00, 0x00, 0x00, 0x00, 0x00, 0x00, 0x00, 0x00, 0x00, 0x00, 0x00, 0x00, 0x00, 0x00, 0x00,
  0x00, 0x00, 0x00, 0x00, 0x00, 0x00, 0x00, 0x00, 0x00, 0x00, 0x00, 0x00, 0x00, 0x00, 0x00, 0x00,
  0x00, 0x00, 0x00, 0x00, 0x00, 0x00, 0x00, 0x00, 0x00, 0x00, 0x00, 0x00, 0x00, 0x00, 0x00, 0x00,
  0x00, 0x00, 0x00, 0x00, 0x00, 0x00, 0x00, 0x00, 0x00, 0x00, 0x00, 0x00, 0x00, 0x00, 0x00, 0x00,
  0x00, 0x00, 0x00, 0x00, 0x00, 0x00, 0x00, 0x00, 0x00, 0x00, 0x00, 0x00, 0x00, 0x00, 0x00, 0x00,
  0x00, 0x00, 0xa4, 0x54, 0x18, 0x00, 0xa9, 0x58, 0x1a, 0x16, 0xb2, 0x5c, 0x1b, 0x74, 0xba, 0x61,
  0x1d, 0xd5, 0xc0, 0x65, 0x1f, 0xfd, 0xc4, 0x68, 0x20, 0xff, 0xc5, 0x6a, 0x21, 0xff, 0xc6, 0x6b,
  0x21, 0xff, 0xc6, 0x6b, 0x21, 0xff, 0xc7, 0x6c, 0x22, 0xff, 0xc7, 0x6c, 0x22, 0xff, 0xc8, 0x6d,
  0x22, 0xff, 0xc8, 0x6d, 0x22, 0xff, 0xc8, 0x6d, 0x22, 0xff, 0xc8, 0x6d, 0x22, 0xff, 0xc8, 0x6d,
  0x22, 0xff, 0xc8, 0x6d, 0x22, 0xff, 0xc8, 0x6d, 0x22, 0xff, 0xc8, 0x6d, 0x22, 0xff, 0xc7, 0x6c,
  0x22, 0xff, 0xc7, 0x6c, 0x22, 0xff, 0xc6, 0x6b, 0x21, 0xff, 0xc6, 0x6b, 0x21, 0xff, 0xc5, 0x6a,
  0x21, 0xff, 0xc4, 0x68, 0x20, 0xff, 0xc0, 0x65, 0x1f, 0xfd, 0xba, 0x61, 0x1d, 0xd5, 0xb2, 0x5c,
  0x1b, 0x74, 0xa9, 0x58, 0x1a, 0x16, 0xa4, 0x54, 0x18, 0x00, 0x00, 0x00, 0x00, 0x00, 0x00, 0x00,
  0x00, 0x00, 0x00, 0x00, 0x00, 0x00, 0x00, 0x00, 0x00, 0x00, 0x00, 0x00, 0x00, 0x00, 0x00, 0x00,
  0x00, 0x00, 0x00, 0x00, 0x00, 0x00, 0x00, 0x00, 0x00, 0x00, 0x00, 0x00, 0x00, 0x00, 0x00, 0x00,
  0x00, 0x00, 0x00, 0x00, 0x00, 0x00, 0x00, 0x00, 0x00, 0x00, 0x00, 0x00, 0x00, 0x00, 0x00, 0x00,
  0x00, 0x00, 0x00, 0x00, 0x00, 0x00, 0x00, 0x00, 0x00, 0x00, 0x00, 0x00, 0x00, 0x00, 0x00, 0x00,
  0x00, 0x00, 0x00, 0x00, 0x00, 0x00, 0x00, 0x00, 0x00, 0x00, 0x00, 0x00, 0x00, 0x00, 0x00, 0x00,
  0x00, 0x00, 0x00, 0x00, 0x00, 0x00, 0x00, 0x00, 0x00, 0x00, 0x00, 0x00, 0x00, 0x00, 0x00, 0x00,
  0x00, 0x00, 0x00, 0x00, 0x00, 0x00, 0x00, 0x00, 0x00, 0x00, 0x00, 0x00, 0x00, 0x00, 0x00, 0x00,
  0x00, 0x00, 0x00, 0x00, 0x00, 0x00, 0x00, 0x00, 0x00, 0x00, 0x00, 0x00, 0x00, 0x00, 0xaa, 0x57,
  0x19, 0x16, 0xb4, 0x5e, 0x1c, 0x87, 0xbc, 0x63, 0x1d, 0xed, 0xc3, 0x67, 0x1f, 0xff, 0xc5, 0x69,
  0x21, 0xff, 0xc6, 0x6b, 0x21, 0xff, 0xc7, 0x6c, 0x22, 0xff, 0xc7, 0x6d, 0x22, 0xff, 0xc8, 0x6e,
  0x23, 0xff, 0xc8, 0x6e, 0x23, 0xff, 0xc9, 0x6f, 0x23, 0xff, 0xc9, 0x6f, 0x23, 0xff, 0xc9, 0x6f,
  0x23, 0xff, 0xc9, 0x6f, 0x24, 0xff, 0xc9, 0x6f, 0x24, 0xff, 0xc9, 0x70, 0x24, 0xff, 0xc9, 0x70,
  0x24, 0xff, 0xc9, 0x6f, 0x24, 0xff, 0xc9, 0x6f, 0x24, 0xff, 0xc9, 0x6f, 0x23, 0xff, 0xc9, 0x6f,
  0x23, 0xff, 0xc9, 0x6f, 0x23, 0xff, 0xc8, 0x6e, 0x23, 0xff, 0xc8, 0x6e, 0x23, 0xff, 0xc7, 0x6d,
  0x22, 0xff, 0xc7, 0x6c, 0x22, 0xff, 0xc6, 0x6b, 0x21, 0xff, 0xc5, 0x69, 0x21, 0xff, 0xc3, 0x67,
  0x1f, 0xff, 0xbc, 0x63, 0x1d, 0xed, 0xb4, 0x5e, 0x1c, 0x87, 0xaa, 0x57, 0x19, 0x16, 0x00, 0x00,
  0x00, 0x00, 0x00, 0x00, 0x00, 0x00, 0x00, 0x00, 0x00, 0x00, 0x00, 0x00, 0x00, 0x00, 0x00, 0x00,
  0x00, 0x00, 0x00, 0x00, 0x00, 0x00, 0x00, 0x00, 0x00, 0x00, 0x00, 0x00, 0x00, 0x00, 0x00, 0x00,
  0x00, 0x00, 0x00, 0x00, 0x00, 0x00, 0x00, 0x00, 0x00, 0x00, 0x00, 0x00, 0x00, 0x00, 0x00, 0x00,
  0x00, 0x00, 0x00, 0x00, 0x00, 0x00, 0x00, 0x00, 0x00, 0x00, 0x00, 0x00, 0x00, 0x00, 0x00, 0x00,
  0x00, 0x00, 0x00, 0x00, 0x00, 0x00, 0x00, 0x00, 0x00, 0x00, 0x00, 0x00, 0x00, 0x00, 0x00, 0x00,
  0x00, 0x00, 0x00, 0x00, 0x00, 0x00, 0x00, 0x00, 0x00, 0x00, 0x00, 0x00, 0x00, 0x00, 0x00, 0x00,
  0x00, 0x00, 0x00, 0x00, 0x00, 0x00, 0x00, 0x00, 0x00, 0x00, 0x00, 0x00, 0x00, 0x00, 0x00, 0x00,
  0x00, 0x00, 0x00, 0x00, 0x00, 0x00, 0xa8, 0x58, 0x19, 0x08, 0xb3, 0x5c, 0x1b, 0x6a, 0xbc, 0x62,
  0x1d, 0xe7, 0xc3, 0x67, 0x20, 0xff, 0xc5, 0x6a, 0x21, 0xff, 0xc6, 0x6b, 0x21, 0xff, 0xc7, 0x6d,
  0x22, 0xff, 0xc8, 0x6e, 0x23, 0xff, 0xc8, 0x6f, 0x23, 0xff, 0xc9, 0x6f, 0x23, 0xff, 0xc9, 0x70,
  0x24, 0xff, 0xca, 0x70, 0x24, 0xff, 0xca, 0x70, 0x24, 0xff, 0xca, 0x71, 0x24, 0xff, 0xca, 0x71,
  0x24, 0xff, 0xca, 0x71, 0x24, 0xff, 0xca, 0x71, 0x24, 0xff, 0xca, 0x71, 0x24, 0xff, 0xca, 0x71,
  0x24, 0xff, 0xca, 0x71, 0x24, 0xff, 0xca, 0x71, 0x24, 0xff, 0xca, 0x71, 0x24, 0xff, 0xca, 0x71,
  0x24, 0xff, 0xca, 0x70, 0x24, 0xff, 0xca, 0x70, 0x24, 0xff, 0xc9, 0x70, 0x24, 0xff, 0xc9, 0x6f,
  0x23, 0xff, 0xc8, 0x6f, 0x23, 0xff, 0xc8, 0x6e, 0x23, 0xff, 0xc7, 0x6d, 0x22, 0xff, 0xc6, 0x6b,
  0x21, 0xff, 0xc5, 0x6a, 0x21, 0xff, 0xc3, 0x67, 0x20, 0xff, 0xbc, 0x62, 0x1d, 0xe7, 0xb3, 0x5c,
  0x1b, 0x6a, 0xa8, 0x58, 0x19, 0x08, 0x00, 0x00, 0x00, 0x00, 0x00, 0x00, 0x00, 0x00, 0x00, 0x00,
  0x00, 0x00, 0x00, 0x00, 0x00, 0x00, 0x00, 0x00, 0x00, 0x00, 0x00, 0x00, 0x00, 0x00, 0x00, 0x00,
  0x00, 0x00, 0x00, 0x00, 0x00, 0x00, 0x00, 0x00, 0x00, 0x00, 0x00, 0x00, 0x00, 0x00, 0x00, 0x00,
  0x00, 0x00, 0x00, 0x00, 0x00, 0x00, 0x00, 0x00, 0x00, 0x00, 0x00, 0x00, 0x00, 0x00, 0x00, 0x00,
  0x00, 0x00, 0x00, 0x00, 0x00, 0x00, 0x00, 0x00, 0x00, 0x00, 0x00, 0x00, 0x00, 0x00, 0x00, 0x00,
  0x00, 0x00, 0x00, 0x00, 0x00, 0x00, 0x00, 0x00, 0x00, 0x00, 0x00, 0x00, 0x00, 0x00, 0x00, 0x00,
  0x00, 0x00, 0x00, 0x00, 0x00, 0x00, 0x00, 0x00, 0x00, 0x00, 0x00, 0x00, 0x00, 0x00, 0xa5, 0x54,
  0x19, 0x00, 0xad, 0x5a, 0x1a, 0x2a, 0xb9, 0x61, 0x1d, 0xc1, 0xc2, 0x67, 0x1f, 0xfd, 0xc5, 0x6a,
  0x21, 0xff, 0xc6, 0x6c, 0x22, 0xff, 0xc7, 0x6e, 0x23, 0xff, 0xc8, 0x6f, 0x24, 0xff, 0xc9, 0x70,
  0x24, 0xff, 0xc9, 0x71, 0x24, 0xff, 0xca, 0x71, 0x25, 0xff, 0xca, 0x71, 0x25, 0xff, 0xca, 0x72,
  0x25, 0xff, 0xca, 0x72, 0x25, 0xff, 0xcb, 0x72, 0x25, 0xff, 0xcb, 0x72, 0x25, 0xff, 0xcb, 0x72,
  0x25, 0xff, 0xcb, 0x72, 0x25, 0xff, 0xcb, 0x72, 0x25, 0xff, 0xcb, 0x72, 0x25, 0xff, 0xcb, 0x72,
  0x25, 0xff, 0xcb, 0x72, 0x25, 0xff, 0xcb, 0x72, 0x25, 0xff, 0xcb, 0x72, 0x25, 0xff, 0xcb, 0x72,
  0x25, 0xff, 0xcb, 0x72, 0x25, 0xff, 0xca, 0x72, 0x25, 0xff, 0xca, 0x72, 0x25, 0xff, 0xca, 0x71,
  0x25, 0xff, 0xca, 0x71, 0x25, 0xff, 0xc9, 0x71, 0x24, 0xff, 0xc9, 0x70, 0x24, 0xff, 0xc8, 0x6f,
  0x24, 0xff, 0xc7, 0x6e, 0x23, 0xff, 0xc6, 0x6c, 0x22, 0xff, 0xc5, 0x6a, 0x21, 0xff, 0xc2, 0x67,
  0x1f, 0xfd, 0xb9, 0x61, 0x1d, 0xc1, 0xad, 0x5a, 0x1a, 0x2a, 0xa5, 0x54, 0x19, 0x00, 0x00, 0x00,
  0x00, 0x00, 0x00, 0x00, 0x00, 0x00, 0x00, 0x00, 0x00, 0x00, 0x00, 0x00, 0x00, 0x00, 0x00, 0x00,
  0x00, 0x00, 0x00, 0x00, 0x00, 0x00, 0x00, 0x00, 0x00, 0x00, 0x00, 0x00, 0x00, 0x00, 0x00, 0x00,
  0x00, 0x00, 0x00, 0x00, 0x00, 0x00, 0x00, 0x00, 0x00, 0x00, 0x00, 0x00, 0x00, 0x00, 0x00, 0x00,
  0x00, 0x00, 0x00, 0x00, 0x00, 0x00, 0x00, 0x00, 0x00, 0x00, 0x00, 0x00, 0x00, 0x00, 0x00, 0x00,
  0x00, 0x00, 0x00, 0x00, 0x00, 0x00, 0x00, 0x00, 0x00, 0x00, 0x00, 0x00, 0x00, 0x00, 0x00, 0x00,
  0x00, 0x00, 0x00, 0x00, 0x00, 0x00, 0x00, 0x00, 0x00, 0x00, 0xa7, 0x56, 0x1a, 0x02, 0xb2, 0x5c,
  0x1b, 0x60, 0xbd, 0x64, 0x1e, 0xef, 0xc4, 0x69, 0x21, 0xff, 0xc6, 0x6c, 0x22, 0xff, 0xc7, 0x6d,
  0x23, 0xff, 0xc8, 0x6f, 0x24, 0xff, 0xc9, 0x70, 0x24, 0xff, 0xc9, 0x71, 0x25, 0xff, 0xca, 0x71,
  0x25, 0xff, 0xca, 0x72, 0x25, 0xff, 0xca, 0x72, 0x25, 0xff, 0xcb, 0x73, 0x26, 0xff, 0xcb, 0x73,
  0x26, 0xff, 0xcb, 0x73, 0x26, 0xff, 0xcb, 0x73, 0x26, 0xff, 0xcb, 0x73, 0x26, 0xff, 0xcb, 0x73,
  0x26, 0xff, 0xcb, 0x73, 0x26, 0xff, 0xcb, 0x73, 0x26, 0xff, 0xcb, 0x73, 0x26, 0xff, 0xcb, 0x73,
  0x26, 0xff, 0xcb, 0x73, 0x26, 0xff, 0xcb, 0x73, 0x26, 0xff, 0xcb, 0x73, 0x26, 0xff, 0xcb, 0x73,
  0x26, 0xff, 0xcb, 0x73, 0x26, 0xff, 0xcb, 0x73, 0x26, 0xff, 0xcb, 0x73, 0x26, 0xff, 0xcb, 0x73,
  0x26, 0xff, 0xca, 0x72, 0x25, 0xff, 0xca, 0x72, 0x25, 0xff, 0xca, 0x71, 0x25, 0xff, 0xc9, 0x71,
  0x25, 0xff, 0xc9, 0x70, 0x24, 0xff, 0xc8, 0x6f, 0x24, 0xff, 0xc7, 0x6d, 0x23, 0xff, 0xc6, 0x6c,
  0x22, 0xff, 0xc4, 0x69, 0x21, 0xff, 0xbd, 0x64, 0x1e, 0xef, 0xb2, 0x5c, 0x1b, 0x60, 0xa7, 0x56,
  0x1a, 0x02, 0x00, 0x00, 0x00, 0x00, 0x00, 0x00, 0x00, 0x00, 0x00, 0x00, 0x00, 0x00, 0x00, 0x00,
  0x00, 0x00, 0x00, 0x00, 0x00, 0x00, 0x00, 0x00, 0x00, 0x00, 0x00, 0x00, 0x00, 0x00, 0x00, 0x00,
  0x00, 0x00, 0x00, 0x00, 0x00, 0x00, 0x00, 0x00, 0x00, 0x00, 0x00, 0x00, 0x00, 0x00, 0x00, 0x00,
  0x00, 0x00, 0x00, 0x00, 0x00, 0x00, 0x00, 0x00, 0x00, 0x00, 0x00, 0x00, 0x00, 0x00, 0x00, 0x00,
  0x00, 0x00, 0x00, 0x00, 0x00, 0x00, 0x00, 0x00, 0x00, 0x00, 0x00, 0x00, 0x00, 0x00, 0x00, 0x00,
  0x00, 0x00, 0x00, 0x00, 0x00, 0x00, 0xaa, 0x57, 0x1a, 0x08, 0xb6, 0x5f, 0x1c, 0x91, 0xc2, 0x66,
  0x1f, 0xfd, 0xc6, 0x6a, 0x21, 0xff, 0xc7, 0x6d, 0x22, 0xff, 0xc9, 0x6e, 0x23, 0xff, 0xca, 0x70,
  0x24, 0xff, 0xca, 0x71, 0x24, 0xff, 0xcb, 0x71, 0x25, 0xff, 0xcb, 0x72, 0x25, 0xff, 0xcb, 0x72,
  0x25, 0xff, 0xcb, 0x72, 0x26, 0xff, 0xcb, 0x73, 0x26, 0xff, 0xcb, 0x73, 0x26, 0xff, 0xcb, 0x73,
  0x26, 0xff, 0xcb, 0x73, 0x26, 0xff, 0xcb, 0x73, 0x26, 0xff, 0xcb, 0x73, 0x26, 0xff, 0xcb, 0x73,
  0x26, 0xff, 0xcb, 0x73, 0x26, 0xff, 0xcb, 0x73, 0x26, 0xff, 0xcb, 0x73, 0x26, 0xff, 0xcb, 0x73,
  0x26, 0xff, 0xcb, 0x73, 0x26, 0xff, 0xcb, 0x73, 0x26, 0xff, 0xcb, 0x73, 0x26, 0xff, 0xcb, 0x73,
  0x26, 0xff, 0xcb, 0x73, 0x26, 0xff, 0xcb, 0x73, 0x26, 0xff, 0xcb, 0x73, 0x26, 0xff, 0xcb, 0x73,
  0x26, 0xff, 0xcb, 0x73, 0x26, 0xff, 0xcb, 0x72, 0x26, 0xff, 0xcb, 0x72, 0x25, 0xff, 0xcb, 0x72,
  0x25, 0xff, 0xcb, 0x71, 0x25, 0xff, 0xca, 0x71, 0x24, 0xff, 0xca, 0x70, 0x24, 0xff, 0xc9, 0x6e,
  0x23, 0xff, 0xc7, 0x6d, 0x22, 0xff, 0xc6, 0x6a, 0x21, 0xff, 0xc2, 0x66, 0x1f, 0xfd, 0xb6, 0x5f,
  0x1c, 0x91, 0xaa, 0x57, 0x1a, 0x08, 0x00, 0x00, 0x00, 0x00, 0x00, 0x00, 0x00, 0x00, 0x00, 0x00,
  0x00, 0x00, 0x00, 0x00, 0x00, 0x00, 0x00, 0x00, 0x00, 0x00, 0x00, 0x00, 0x00, 0x00, 0x00, 0x00,
  0x00, 0x00, 0x00, 0x00, 0x00, 0x00, 0x00, 0x00, 0x00, 0x00, 0x00, 0x00, 0x00, 0x00, 0x00, 0x00,
  0x00, 0x00, 0x00, 0x00, 0x00, 0x00, 0x00, 0x00, 0x00, 0x00, 0x00, 0x00, 0x00, 0x00, 0x00, 0x00,
  0x00, 0x00, 0x00, 0x00, 0x00, 0x00, 0x00, 0x00, 0x00, 0x00, 0x00, 0x00, 0x00, 0x00, 0x00, 0x00,
  0x00, 0x00, 0xab, 0x59, 0x1a, 0x0c, 0xb8, 0x60, 0x1d, 0xab, 0xc3, 0x68, 0x20, 0xff, 0xc7, 0x6c,
  0x22, 0xff, 0xc8, 0x6e, 0x23, 0xff, 0xc9, 0x70, 0x24, 0xff, 0xca, 0x71, 0x24, 0xff, 0xcb, 0x72,
  0x25, 0xff, 0xcb, 0x72, 0x25, 0xff, 0xcb, 0x73, 0x25, 0xff, 0xcc, 0x73, 0x26, 0xff, 0xcc, 0x73,
  0x26, 0xff, 0xcc, 0x73, 0x26, 0xff, 0xcc, 0x73, 0x26, 0xff, 0xcc, 0x73, 0x26, 0xff, 0xcc, 0x73,
  0x26, 0xff, 0xcc, 0x73, 0x26, 0xff, 0xcc, 0x73, 0x26, 0xff, 0xcc, 0x73, 0x26, 0xff, 0xcc, 0x73,
  0x26, 0xff, 0xcc, 0x73, 0x26, 0xff, 0xcc, 0x73, 0x26, 0xff, 0xcc, 0x73, 0x26, 0xff, 0xcc, 0x73,
  0x26, 0xff, 0xcc, 0x73, 0x26, 0xff, 0xcc, 0x73, 0x26, 0xff, 0xcc, 0x73, 0x26, 0xff, 0xcc, 0x73,
  0x26, 0xff, 0xcc, 0x73, 0x26, 0xff, 0xcc, 0x73, 0x26, 0xff, 0xcc, 0x73, 0x26, 0xff, 0xcc, 0x73,
  0x26, 0xff, 0xcc, 0x73, 0x26, 0xff, 0xcc, 0x73, 0x26, 0xff, 0xcc, 0x73, 0x26, 0xff, 0xcc, 0x73,
  0x26, 0xff, 0xcb, 0x73, 0x25, 0xff, 0xcb, 0x72, 0x25, 0xff, 0xcb, 0x72, 0x25, 0xff, 0xca, 0x71,
  0x24, 0xff, 0xc9, 0x70, 0x24, 0xff, 0xc8, 0x6e, 0x23, 0xff, 0xc7, 0x6c, 0x22, 0xff, 0xc3, 0x68,
  0x20, 0xff, 0xb8, 0x60, 0x1d, 0xab, 0xab, 0x59, 0x1a, 0x0c, 0x00, 0x00, 0x00, 0x00, 0x00, 0x00,
  0x00, 0x00, 0x00, 0x00, 0x00, 0x00, 0x00, 0x00, 0x00, 0x00, 0x00, 0x00, 0x00, 0x00, 0x00, 0x00,
  0x00, 0x00, 0x00, 0x00, 0x00, 0x00, 0x00, 0x00, 0x00, 0x00, 0x00, 0x00, 0x00, 0x00, 0x00, 0x00,
  0x00, 0x00, 0x00, 0x00, 0x00, 0x00, 0x00, 0x00, 0x00, 0x00, 0x00, 0x00, 0x00, 0x00, 0x00, 0x00,
  0x00, 0x00, 0x00, 0x00, 0x00, 0x00, 0x00, 0x00, 0x00, 0x00, 0x00, 0x00, 0x00, 0x00, 0xab, 0x59,
  0x1a, 0x0c, 0xb8, 0x60, 0x1d, 0xb3, 0xc4, 0x69, 0x20, 0xff, 0xc7, 0x6c, 0x22, 0xff, 0xc8, 0x6e,
  0x23, 0xff, 0xc9, 0x70, 0x24, 0xff, 0xca, 0x72, 0x24, 0xff, 0xcb, 0x72, 0x25, 0xff, 0xcb, 0x73,
  0x25, 0xff, 0xcc, 0x73, 0x26, 0xff, 0xcc, 0x74, 0x26, 0xff, 0xcc, 0x74, 0x26, 0xff, 0xcc, 0x74,
  0x26, 0xff, 0xcc, 0x74, 0x26, 0xff, 0xcc, 0x74, 0x26, 0xff, 0xcc, 0x74, 0x26, 0xff, 0xcc, 0x74,
  0x26, 0xff, 0xcc, 0x74, 0x26, 0xff, 0xcc, 0x74, 0x26, 0xff, 0xcc, 0x74, 0x26, 0xff, 0xcc, 0x74,
  0x26, 0xff, 0xcc, 0x74, 0x26, 0xff, 0xcc, 0x74, 0x26, 0xff, 0xcc, 0x74, 0x26, 0xff, 0xcc, 0x74,
  0x26, 0xff, 0xcc, 0x74, 0x26, 0xff, 0xcc, 0x74, 0x26, 0xff, 0xcc, 0x74, 0x26, 0xff, 0xcc, 0x74,
  0x26, 0xff, 0xcc, 0x74, 0x26, 0xff, 0xcc, 0x74, 0x26, 0xff, 0xcc, 0x74, 0x26, 0xff, 0xcc, 0x74,
  0x26, 0xff, 0xcc, 0x74, 0x26, 0xff, 0xcc, 0x74, 0x26, 0xff, 0xcc, 0x74, 0x26, 0xff, 0xcc, 0x74,
  0x26, 0xff, 0xcc, 0x74, 0x26, 0xff, 0xcc, 0x73, 0x26, 0xff, 0xcb, 0x73, 0x25, 0xff, 0xcb, 0x72,
  0x25, 0xff, 0xca, 0x72, 0x24, 0xff, 0xc9, 0x70, 0x24, 0xff, 0xc8, 0x6e, 0x23, 0xff, 0xc7, 0x6c,
  0x22, 0xff, 0xc4, 0x69, 0x20, 0xff, 0xb8, 0x60, 0x1d, 0xb3, 0xab, 0x59, 0x1a, 0x0c, 0x00, 0x00,
  0x00, 0x00, 0x00, 0x00, 0x00, 0x00, 0x00, 0x00, 0x00, 0x00, 0x00, 0x00, 0x00, 0x00, 0x00, 0x00,
  0x00, 0x00, 0x00, 0x00, 0x00, 0x00, 0x00, 0x00, 0x00, 0x00, 0x00, 0x00, 0x00, 0x00, 0x00, 0x00,
  0x00, 0x00, 0x00, 0x00, 0x00, 0x00, 0x00, 0x00, 0x00, 0x00, 0x00, 0x00, 0x00, 0x00, 0x00, 0x00,
  0x00, 0x00, 0x00, 0x00, 0x00, 0x00, 0x00, 0x00, 0x00, 0x00, 0xab, 0x59, 0x1b, 0x08, 0xb8, 0x60,
  0x1d, 0xad, 0xc4, 0x69, 0x20, 0xff, 0xc7, 0x6c, 0x22, 0xff, 0xc8, 0x6f, 0x23, 0xff, 0xca, 0x70,
  0x24, 0xff, 0xca, 0x72, 0x25, 0xff, 0xcb, 0x73, 0x25, 0xff, 0xcb, 0x73, 0x26, 0xff, 0xcc, 0x74,
  0x26, 0xff, 0xcc, 0x74, 0x26, 0xff, 0xcc, 0x74, 0x26, 0xff, 0xcc, 0x74, 0x26, 0xff, 0xcc, 0x74,
  0x26, 0xff, 0xcc, 0x74, 0x26, 0xff, 0xcc, 0x74, 0x26, 0xff, 0xcc, 0x74, 0x26, 0xff, 0xcc, 0x74,
  0x26, 0xff, 0xcc, 0x74, 0x26, 0xff, 0xcc, 0x74, 0x26, 0xff, 0xcc, 0x74, 0x26, 0xff, 0xcc, 0x74,
  0x26, 0xff, 0xcc, 0x74, 0x26, 0xff, 0xcc, 0x74, 0x26, 0xff, 0xcc, 0x74, 0x26, 0xff, 0xcc, 0x74,
  0x26, 0xff, 0xcc, 0x74, 0x26, 0xff, 0xcc, 0x74, 0x26, 0xff, 0xcc, 0x74, 0x26, 0xff, 0xcc, 0x74,
  0x26, 0xff, 0xcc, 0x74, 0x26, 0xff, 0xcc, 0x74, 0x26, 0xff, 0xcc, 0x74, 0x26, 0xff, 0xcc, 0x74,
  0x26, 0xff, 0xcc, 0x74, 0x26, 0xff, 0xcc, 0x74, 0x26, 0xff, 0xcc, 0x74, 0x26, 0xff, 0xcc, 0x74,
  0x26, 0xff, 0xcc, 0x74, 0x26, 0xff, 0xcc, 0x74, 0x26, 0xff, 0xcc, 0x74, 0x26, 0xff, 0xcb, 0x73,
  0x26, 0xff, 0xcb, 0x73, 0x25, 0xff, 0xca, 0x72, 0x25, 0xff, 0xca, 0x70, 0x24, 0xff, 0xc8, 0x6f,
  0x23, 0xff, 0xc7, 0x6c, 0x22, 0xff, 0xc4, 0x69, 0x20, 0xff, 0xb8, 0x60, 0x1d, 0xad, 0xab, 0x59,
  0x1b, 0x08, 0x00, 0x00, 0x00, 0x00, 0x00, 0x00, 0x00, 0x00, 0x00, 0x00, 0x00, 0x00, 0x00, 0x00,
  0x00, 0x00, 0x00, 0x00, 0x00, 0x00, 0x00, 0x00, 0x00, 0x00, 0x00, 0x00, 0x00, 0x00, 0x00, 0x00,
  0x00, 0x00, 0x00, 0x00, 0x00, 0x00, 0x00, 0x00, 0x00, 0x00, 0x00, 0x00, 0x00, 0x00, 0x00, 0x00,
  0x00, 0x00, 0x00, 0x00, 0x00, 0x00, 0xaa, 0x59, 0x1b, 0x02, 0xb7, 0x60, 0x1d, 0x91, 0xc3, 0x69,
  0x20, 0xff, 0xc7, 0x6d, 0x23, 0xff, 0xc8, 0x6f, 0x24, 0xff, 0xca, 0x71, 0x25, 0xff, 0xcb, 0x73,
  0x25, 0xff, 0xcb, 0x74, 0x26, 0xff, 0xcc, 0x74, 0x26, 0xff, 0xcc, 0x74, 0x27, 0xff, 0xcc, 0x74,
  0x27, 0xff, 0xcc, 0x74, 0x27, 0xff, 0xcc, 0x74, 0x27, 0xff, 0xcc, 0x74, 0x27, 0xff, 0xcc, 0x74,
  0x27, 0xff, 0xcc, 0x74, 0x27, 0xff, 0xcc, 0x74, 0x27, 0xff, 0xcc, 0x74, 0x27, 0xff, 0xcc, 0x74,
  0x27, 0xff, 0xcc, 0x74, 0x27, 0xff, 0xcc, 0x74, 0x27, 0xff, 0xcc, 0x74, 0x27, 0xff, 0xcc, 0x74,
  0x27, 0xff, 0xcc, 0x74, 0x27, 0xff, 0xcc, 0x74, 0x27, 0xff, 0xcc, 0x74, 0x27, 0xff, 0xcc, 0x74,
  0x27, 0xff, 0xcc, 0x74, 0x27, 0xff, 0xcc, 0x74, 0x27, 0xff, 0xcc, 0x74, 0x27, 0xff, 0xcc, 0x74,
  0x27, 0xff, 0xcc, 0x74, 0x27, 0xff, 0xcc, 0x74, 0x27, 0xff, 0xcc, 0x74, 0x27, 0xff, 0xcc, 0x74,
  0x27, 0xff, 0xcc, 0x74, 0x27, 0xff, 0xcc, 0x74, 0x27, 0xff, 0xcc, 0x74, 0x27, 0xff, 0xcc, 0x74,
  0x27, 0xff, 0xcc, 0x74, 0x27, 0xff, 0xcc, 0x74, 0x27, 0xff, 0xcc, 0x74, 0x27, 0xff, 0xcc, 0x74,
  0x27, 0xff, 0xcc, 0x74, 0x26, 0xff, 0xcb, 0x74, 0x26, 0xff, 0xcb, 0x73, 0x25, 0xff, 0xca, 0x71,
  0x25, 0xff, 0xc8, 0x6f, 0x24, 0xff, 0xc7, 0x6d, 0x23, 0xff, 0xc3, 0x69, 0x20, 0xff, 0xb7, 0x60,
  0x1d, 0x91, 0xaa, 0x59, 0x1b, 0x02, 0x00, 0x00, 0x00, 0x00, 0x00, 0x00, 0x00, 0x00, 0x00, 0x00,
  0x00, 0x00, 0x00, 0x00, 0x00, 0x00, 0x00, 0x00, 0x00, 0x00, 0x00, 0x00, 0x00, 0x00, 0x00, 0x00,
  0x00, 0x00, 0x00, 0x00, 0x00, 0x00, 0x00, 0x00, 0x00, 0x00, 0x00, 0x00, 0x00, 0x00, 0x00, 0x00,
  0x00, 0x00, 0xaa, 0x59, 0x1b, 0x00, 0xb4, 0x5e, 0x1c, 0x60, 0xc2, 0x68, 0x20, 0xfd, 0xc7, 0x6c,
  0x22, 0xff, 0xc9, 0x6f, 0x24, 0xff, 0xca, 0x71, 0x25, 0xff, 0xcb, 0x73, 0x25, 0xff, 0xcc, 0x74,
  0x26, 0xff, 0xcd, 0x74, 0x27, 0xff, 0xcd, 0x75, 0x27, 0xff, 0xcd, 0x75, 0x27, 0xff, 0xcd, 0x75,
  0x27, 0xff, 0xcd, 0x75, 0x27, 0xff, 0xcd, 0x75, 0x27, 0xff, 0xcd, 0x75, 0x27, 0xff, 0xcd, 0x75,
  0x27, 0xff, 0xcd, 0x75, 0x27, 0xff, 0xcd, 0x75, 0x27, 0xff, 0xcd, 0x75, 0x27, 0xff, 0xcd, 0x75,
  0x27, 0xff, 0xcd, 0x75, 0x27, 0xff, 0xcd, 0x75, 0x27, 0xff, 0xcd, 0x75, 0x27, 0xff, 0xcd, 0x75,
  0x27, 0xff, 0xcd, 0x75, 0x27, 0xff, 0xcd, 0x75, 0x27, 0xff, 0xcd, 0x75, 0x27, 0xff, 0xcd, 0x75,
  0x27, 0xff, 0xcd, 0x75, 0x27, 0xff, 0xcd, 0x75, 0x27, 0xff, 0xcd, 0x75, 0x27, 0xff, 0xcd, 0x75,
  0x27, 0xff, 0xcd, 0x75, 0x27, 0xff, 0xcd, 0x75, 0x27, 0xff, 0xcd, 0x75, 0x27, 0xff, 0xcd, 0x75,
  0x27, 0xff, 0xcd, 0x75, 0x27, 0xff, 0xcd, 0x75, 0x27, 0xff, 0xcd, 0x75, 0x27, 0xff, 0xcd, 0x75,
  0x27, 0xff, 0xcd, 0x75, 0x27, 0xff, 0xcd, 0x75, 0x27, 0xff, 0xcd, 0x75, 0x27, 0xff, 0xcd, 0x75,
  0x27, 0xff, 0xcd, 0x75, 0x27, 0xff, 0xcd, 0x74, 0x27, 0xff, 0xcc, 0x74, 0x26, 0xff, 0xcb, 0x73,
  0x25, 0xff, 0xca, 0x71, 0x25, 0xff, 0xc9, 0x6f, 0x24, 0xff, 0xc7, 0x6c, 0x22, 0xff, 0xc2, 0x68,
  0x20, 0xfd, 0xb4, 0x5e, 0x1c, 0x60, 0xaa, 0x59, 0x1b, 0x00, 0x00, 0x00, 0x00, 0x00, 0x00, 0x00,
  0x00, 0x00, 0x00, 0x00, 0x00, 0x00, 0x00, 0x00, 0x00, 0x00, 0x00, 0x00, 0x00, 0x00, 0x00, 0x00,
  0x00, 0x00, 0x00, 0x00, 0x00, 0x00, 0x00, 0x00, 0x00, 0x00, 0x00, 0x00, 0x00, 0x00, 0x00, 0x00,
  0x00, 0x00, 0xb1, 0x5d, 0x1c, 0x2a, 0xbf, 0x66, 0x1f, 0xef, 0xc7, 0x6c, 0x22, 0xff, 0xc9, 0x6f,
  0x24, 0xff, 0xca, 0x72, 0x25, 0xff, 0xcb, 0x73, 0x25, 0xff, 0xcc, 0x74, 0x26, 0xff, 0xcd, 0x75,
  0x27, 0xff, 0xcd, 0x75, 0x27, 0xff, 0xcd, 0x75, 0x27, 0xff, 0xcd, 0x75, 0x27, 0xff, 0xcd, 0x75,
  0x27, 0xff, 0xcd, 0x75, 0x27, 0xff, 0xcd, 0x75, 0x27, 0xff, 0xcd, 0x75, 0x27, 0xff, 0xcd, 0x75,
  0x27, 0xff, 0xcd, 0x75, 0x27, 0xff, 0xcd, 0x75, 0x27, 0xff, 0xcd, 0x75, 0x27, 0xff, 0xcd, 0x75,
  0x27, 0xff, 0xcd, 0x75, 0x27, 0xff, 0xcd, 0x75, 0x27, 0xff, 0xcd, 0x75, 0x27, 0xff, 0xcd, 0x75,
  0x27, 0xff, 0xcd, 0x75, 0x27, 0xff, 0xcd, 0x75, 0x27, 0xff, 0xcd, 0x75, 0x27, 0xff, 0xcd, 0x75,
  0x27, 0xff, 0xcd, 0x75, 0x27, 0xff, 0xcd, 0x75, 0x27, 0xff, 0xcd, 0x75, 0x27, 0xff, 0xcd, 0x75,
  0x27, 0xff, 0xcd, 0x75, 0x27, 0xff, 0xcd, 0x75, 0x27, 0xff, 0xcd, 0x75, 0x27, 0xff, 0xcd, 0x75,
  0x27, 0xff, 0xcd, 0x75, 0x27, 0xff, 0xcd, 0x75, 0x27, 0xff, 0xcd, 0x75, 0x27, 0xff, 0xcd, 0x75,
  0x27, 0xff, 0xcd, 0x75, 0x27, 0xff, 0xcd, 0x75, 0x27, 0xff, 0xcd, 0x75, 0x27, 0xff, 0xcd, 0x75,
  0x27, 0xff, 0xcd, 0x75, 0x27, 0xff, 0xcd, 0x75, 0x27, 0xff, 0xcd, 0x75, 0x27, 0xff, 0xcc, 0x74,
  0x26, 0xff, 0xcb, 0x73, 0x25, 0xff, 0xca, 0x72, 0x25, 0xff, 0xc9, 0x6f, 0x24, 0xff, 0xc7, 0x6c,
  0x22, 0xff, 0xbf, 0x66, 0x1f, 0xef, 0xb1, 0x5d, 0x1c, 0x2a, 0x00, 0x00, 0x00, 0x00, 0x00, 0x00,
  0x00, 0x00, 0x00, 0x00, 0x00, 0x00, 0x00, 0x00, 0x00, 0x00, 0x00, 0x00, 0x00, 0x00, 0x00, 0x00,
  0x00, 0x00, 0x00, 0x00, 0x00, 0x00, 0x00, 0x00, 0x00, 0x00, 0x00, 0x00, 0x00, 0x00, 0xac, 0x5b,
  0x1b, 0x08, 0xbb, 0x63, 0x1e, 0xc1, 0xc6, 0x6b, 0x21, 0xff, 0xc8, 0x6f, 0x23, 0xff, 0xca, 0x72,
  0x25, 0xff, 0xcb, 0x73, 0x26, 0xff, 0xcc, 0x74, 0x26, 0xff, 0xcc, 0x75, 0x27, 0xff, 0xcd, 0x76,
  0x27, 0xff, 0xcd, 0x76, 0x27, 0xff, 0xcd, 0x76, 0x27, 0xff, 0xcd, 0x76, 0x27, 0xff, 0xcd, 0x76,
  0x27, 0xff, 0xcd, 0x76, 0x27, 0xff, 0xcd, 0x76, 0x27, 0xff, 0xcd, 0x76, 0x27, 0xff, 0xcd, 0x76,
  0x27, 0xff, 0xcd, 0x76, 0x27, 0xff, 0xcd, 0x76, 0x27, 0xff, 0xcd, 0x76, 0x27, 0xff, 0xcd, 0x76,
  0x27, 0xff, 0xcd, 0x76, 0x27, 0xff, 0xcd, 0x76, 0x27, 0xff, 0xcd, 0x76, 0x27, 0xff, 0xcd, 0x76,
  0x27, 0xff, 0xcd, 0x76, 0x27, 0xff, 0xcd, 0x76, 0x27, 0xff, 0xcd, 0x76, 0x27, 0xff, 0xcd, 0x76,
  0x27, 0xff, 0xcd, 0x76, 0x27, 0xff, 0xcd, 0x76, 0x27, 0xff, 0xcd, 0x76, 0x27, 0xff, 0xcd, 0x76,
  0x27, 0xff, 0xcd, 0x76, 0x27, 0xff, 0xcd, 0x76, 0x27, 0xff, 0xcd, 0x76, 0x27, 0xff, 0xcd, 0x76,
  0x27, 0xff, 0xcd, 0x76, 0x27, 0xff, 0xcd, 0x76, 0x27, 0xff, 0xcd, 0x76, 0x27, 0xff, 0xcd, 0x76,
  0x27, 0xff, 0xcd, 0x76, 0x27, 0xff, 0xcd, 0x76, 0x27, 0xff, 0xcd, 0x76, 0x27, 0xff, 0xcd, 0x76,
  0x27, 0xff, 0xcd, 0x76, 0x27, 0xff, 0xcd, 0x76, 0x27, 0xff, 0xcd, 0x76, 0x27, 0xff, 0xcc, 0x75,
  0x27, 0xff, 0xcc, 0x74, 0x26, 0xff, 0xcb, 0x73, 0x26, 0xff, 0xca, 0x72, 0x25, 0xff, 0xc8, 0x6f,
  0x23, 0xff, 0xc6, 0x6b, 0x21, 0xff, 0xbb, 0x63, 0x1e, 0xc1, 0xac, 0x5b, 0x1b, 0x08, 0x00, 0x00,
  0x00, 0x00, 0x00, 0x00, 0x00, 0x00, 0x00, 0x00, 0x00, 0x00, 0x00, 0x00, 0x00, 0x00, 0x00, 0x00,
  0x00, 0x00, 0x00, 0x00, 0x00, 0x00, 0x00, 0x00, 0x00, 0x00, 0x00, 0x00, 0x00, 0x00, 0xb6, 0x60,
  0x1d, 0x6a, 0xc4, 0x69, 0x21, 0xfd, 0xc8, 0x6e, 0x23, 0xff, 0xc9, 0x71, 0x25, 0xff, 0xcb, 0x73,
  0x26, 0xff, 0xcc, 0x74, 0x27, 0xff, 0xcc, 0x75, 0x27, 0xff, 0xcd, 0x76, 0x28, 0xff, 0xcd, 0x76,
  0x28, 0xff, 0xcd, 0x76, 0x28, 0xff, 0xcd, 0x76, 0x28, 0xff, 0xcd, 0x76, 0x28, 0xff, 0xcd, 0x76,
  0x28, 0xff, 0xcd, 0x76, 0x28, 0xff, 0xcd, 0x76, 0x28, 0xff, 0xcd, 0x76, 0x28, 0xff, 0xcd, 0x76,
  0x28, 0xff, 0xcd, 0x76, 0x27, 0xff, 0xcd, 0x77, 0x29, 0xff, 0xcd, 0x77, 0x2a, 0xff, 0xcd, 0x77,
  0x2a, 0xff, 0xcd, 0x77, 0x2a, 0xff, 0xcd, 0x77, 0x2a, 0xff, 0xcd, 0x77, 0x2a, 0xff, 0xcd, 0x77,
  0x2a, 0xff, 0xcd, 0x77, 0x2a, 0xff, 0xcd, 0x77, 0x2a, 0xff, 0xcd, 0x77, 0x2a, 0xff, 0xcd, 0x77,
  0x2a, 0xff, 0xcd, 0x77, 0x2a, 0xff, 0xcd, 0x77, 0x2a, 0xff, 0xcd, 0x77, 0x2a, 0xff, 0xcd, 0x77,
  0x2a, 0xff, 0xcd, 0x77, 0x2a, 0xff, 0xcd, 0x77, 0x2a, 0xff, 0xcd, 0x77, 0x2a, 0xff, 0xcd, 0x77,
  0x2a, 0xff, 0xcd, 0x77, 0x29, 0xff, 0xcd, 0x76, 0x27, 0xff, 0xcd, 0x76, 0x28, 0xff, 0xcd, 0x76,
  0x28, 0xff, 0xcd, 0x76, 0x28, 0xff, 0xcd, 0x76, 0x28, 0xff, 0xcd, 0x76, 0x28, 0xff, 0xcd, 0x76,
  0x28, 0xff, 0xcd, 0x76, 0x28, 0xff, 0xcd, 0x76, 0x28, 0xff, 0xcd, 0x76, 0x28, 0xff, 0xcd, 0x76,
  0x28, 0xff, 0xcc, 0x75, 0x27, 0xff, 0xcc, 0x74, 0x27, 0xff, 0xcb, 0x73, 0x26, 0xff, 0xc9, 0x71,
  0x25, 0xff, 0xc8, 0x6e, 0x23, 0xff, 0xc4, 0x69, 0x21, 0xfd, 0xb6, 0x60, 0x1d, 0x6a, 0x00, 0x00,
  0x00, 0x00, 0x00, 0x00, 0x00, 0x00, 0x00, 0x00, 0x00, 0x00, 0x00, 0x00, 0x00, 0x00, 0x00, 0x00,
  0x00, 0x00, 0x00, 0x00, 0x00, 0x00, 0x00, 0x00, 0x00, 0x00, 0xaf, 0x5c, 0x1b, 0x16, 0xbf, 0x66,
  0x1f, 0xe7, 0xc8, 0x6d, 0x23, 0xff, 0xca, 0x71, 0x24, 0xff, 0xcb, 0x73, 0x26, 0xff, 0xcc, 0x75,
  0x26, 0xff, 0xcd, 0x76, 0x27, 0xff, 0xcd, 0x76, 0x28, 0xff, 0xcd, 0x76, 0x28, 0xff, 0xcd, 0x76,
  0x28, 0xff, 0xcd, 0x76, 0x28, 0xff, 0xcd, 0x76, 0x28, 0xff, 0xcd, 0x76, 0x28, 0xff, 0xcd, 0x76,
  0x28, 0xff, 0xcd, 0x76, 0x28, 0xff, 0xcd, 0x76, 0x28, 0xff, 0xcd, 0x76, 0x28, 0xff, 0xcd, 0x76,
  0x27, 0xff, 0xde, 0xa5, 0x72, 0xff, 0xf4, 0xe1, 0xd0, 0xff, 0xf5, 0xe5, 0xd6, 0xff, 0xf5, 0xe5,
  0xd6, 0xff, 0xf5, 0xe5, 0xd6, 0xff, 0xf5, 0xe5, 0xd6, 0xff, 0xf5, 0xe5, 0xd6, 0xff, 0xf5, 0xe5,
  0xd6, 0xff, 0xf5, 0xe5, 0xd6, 0xff, 0xf5, 0xe5, 0xd6, 0xff, 0xf5, 0xe5, 0xd6, 0xff, 0xf5, 0xe5,
  0xd6, 0xff, 0xf5, 0xe5, 0xd6, 0xff, 0xf5, 0xe5, 0xd6, 0xff, 0xf5, 0xe5, 0xd6, 0xff, 0xf5, 0xe5,
  0xd6, 0xff, 0xf5, 0xe5, 0xd6, 0xff, 0xf5, 0xe5, 0xd6, 0xff, 0xf5, 0xe5, 0xd6, 0xff, 0xf5, 0xe5,
  0xd6, 0xff, 0xf4, 0xe1, 0xd0, 0xff, 0xde, 0xa5, 0x72, 0xff, 0xcd, 0x76, 0x27, 0xff, 0xcd, 0x76,
  0x28, 0xff, 0xcd, 0x76, 0x28, 0xff, 0xcd, 0x76, 0x28, 0xff, 0xcd, 0x76, 0x28, 0xff, 0xcd, 0x76,
  0x28, 0xff, 0xcd, 0x76, 0x28, 0xff, 0xcd, 0x76, 0x28, 0xff, 0xcd, 0x76, 0x28, 0xff, 0xcd, 0x76,
  0x28, 0xff, 0xcd, 0x76, 0x28, 0xff, 0xcd, 0x76, 0x27, 0xff, 0xcc, 0x75, 0x26, 0xff, 0xcb, 0x73,
  0x26, 0xff, 0xca, 0x71, 0x24, 0xff, 0xc8, 0x6d, 0x23, 0xff, 0xbf, 0x66, 0x1f, 0xe7, 0xaf, 0x5c,
  0x1b, 0x16, 0x00, 0x00, 0x00, 0x00, 0x00, 0x00, 0x00, 0x00, 0x00, 0x00, 0x00, 0x00, 0x00, 0x00,
  0x00, 0x00, 0x00, 0x00, 0x00, 0x00, 0xa9, 0x59, 0x1a, 0x00, 0xb9, 0x62, 0x1e, 0x87, 0xc6, 0x6b,
  0x22, 0xff, 0xc9, 0x6f, 0x24, 0xff, 0xcb, 0x72, 0x25, 0xff, 0xcc, 0x74, 0x26, 0xff, 0xcd, 0x76,
  0x27, 0xff, 0xcd, 0x76, 0x27, 0xff, 0xce, 0x77, 0x28, 0xff, 0xce, 0x77, 0x28, 0xff, 0xce, 0x77,
  0x28, 0xff, 0xce, 0x77, 0x28, 0xff, 0xce, 0x77, 0x28, 0xff, 0xce, 0x77, 0x28, 0xff, 0xce, 0x77,
  0x28, 0xff, 0xce, 0x77, 0x28, 0xff, 0xce, 0x77, 0x28, 0xff, 0xce, 0x77, 0x28, 0xff, 0xce, 0x78,
  0x29, 0xff, 0xf7, 0xeb, 0xdf, 0xff, 0xff, 0xff, 0xff, 0xff, 0xff, 0xff, 0xff, 0xff, 0xff, 0xff,
  0xff, 0xff, 0xff, 0xff, 0xff, 0xff, 0xff, 0xff, 0xff, 0xff, 0xff, 0xff, 0xff, 0xff, 0xff, 0xff,
  0xff, 0xff, 0xff, 0xff, 0xff, 0xff, 0xff, 0xff, 0xff, 0xff, 0xff, 0xff, 0xff, 0xff, 0xff, 0xff,
  0xff, 0xff, 0xff, 0xff, 0xff, 0xff, 0xff, 0xff, 0xff, 0xff, 0xff, 0xff, 0xff, 0xff, 0xff, 0xff,
  0xff, 0xff, 0xff, 0xff, 0xff, 0xff, 0xff, 0xff, 0xff, 0xff, 0xff, 0xff, 0xff, 0xff, 0xff, 0xff,
  0xff, 0xff, 0xff, 0xff, 0xff, 0xff, 0xf7, 0xeb, 0xdf, 0xff, 0xce, 0x78, 0x29, 0xff, 0xce, 0x77,
  0x28, 0xff, 0xce, 0x77, 0x28, 0xff, 0xce, 0x77, 0x28, 0xff, 0xce, 0x77, 0x28, 0xff, 0xce, 0x77,
  0x28, 0xff, 0xce, 0x77, 0x28, 0xff, 0xce, 0x77, 0x28, 0xff, 0xce, 0x77, 0x28, 0xff, 0xce, 0x77,
  0x28, 0xff, 0xce, 0x77, 0x28, 0xff, 0xcd, 0x76, 0x27, 0xff, 0xcd, 0x76, 0x27, 0xff, 0xcc, 0x74,
  0x26, 0xff, 0xcb, 0x72, 0x25, 0xff, 0xc9, 0x6f, 0x24, 0xff, 0xc6, 0x6b, 0x22, 0xff, 0xb9, 0x62,
  0x1e, 0x87, 0xa9, 0x59, 0x1a, 0x00, 0x00, 0x00, 0x00, 0x00, 0x00, 0x00, 0x00, 0x00, 0x00, 0x00,
  0x00, 0x00, 0x00, 0x00, 0x00, 0x00, 0xb0, 0x5d, 0x1b, 0x14, 0xc0, 0x67, 0x1f, 0xed, 0xc8, 0x6e,
  0x23, 0xff, 0xca, 0x72, 0x25, 0xff, 0xcb, 0x74, 0x26, 0xff, 0xcd, 0x76, 0x27, 0xff, 0xcd, 0x77,
  0x27, 0xff, 0xce, 0x77, 0x28, 0xff, 0xce, 0x77, 0x28, 0xff, 0xce, 0x77, 0x28, 0xff, 0xce, 0x77,
  0x28, 0xff, 0xce, 0x77, 0x28, 0xff, 0xce, 0x77, 0x28, 0xff, 0xce, 0x77, 0x28, 0xff, 0xce, 0x77,
  0x28, 0xff, 0xce, 0x77, 0x28, 0xff, 0xce, 0x77, 0x28, 0xff, 0xce, 0x77, 0x28, 0xff, 0xce, 0x77,
  0x27, 0xff, 0xe7, 0xbf, 0x99, 0xff, 0xfc, 0xf7, 0xf3, 0xff, 0xfc, 0xf8, 0xf5, 0xff, 0xfc, 0xf8,
  0xf5, 0xff, 0xfc, 0xf8, 0xf5, 0xff, 0xfd, 0xfc, 0xfa, 0xff, 0xff, 0xff, 0xff, 0xff, 0xff, 0xff,
  0xff, 0xff, 0xff, 0xff, 0xff, 0xff, 0xff, 0xff, 0xff, 0xff, 0xff, 0xff, 0xff, 0xff, 0xff, 0xff,
  0xff, 0xff, 0xff, 0xff, 0xff, 0xff, 0xff, 0xff, 0xff, 0xff, 0xff, 0xff, 0xff, 0xff, 0xff, 0xff,
  0xff, 0xff, 0xfd, 0xfc, 0xfa, 0xff, 0xfc, 0xf8, 0xf5, 0xff, 0xfc, 0xf8, 0xf5, 0xff, 0xfc, 0xf8,
  0xf5, 0xff, 0xfc, 0xf7, 0xf3, 0xff, 0xe7, 0xbf, 0x99, 0xff, 0xce, 0x77, 0x27, 0xff, 0xce, 0x77,
  0x28, 0xff, 0xce, 0x77, 0x28, 0xff, 0xce, 0x77, 0x28, 0xff, 0xce, 0x77, 0x28, 0xff, 0xce, 0x77,
  0x28, 0xff, 0xce, 0x77, 0x28, 0xff, 0xce, 0x77, 0x28, 0xff, 0xce, 0x77, 0x28, 0xff, 0xce, 0x77,
  0x28, 0xff, 0xce, 0x77, 0x28, 0xff, 0xce, 0x77, 0x28, 0xff, 0xcd, 0x77, 0x27, 0xff, 0xcd, 0x76,
  0x27, 0xff, 0xcb, 0x74, 0x26, 0xff, 0xca, 0x72, 0x25, 0xff, 0xc8, 0x6e, 0x23, 0xff, 0xc0, 0x67,
  0x1f, 0xed, 0xb0, 0x5d, 0x1b, 0x14, 0x00, 0x00, 0x00, 0x00, 0x00, 0x00, 0x00, 0x00, 0x00, 0x00,
  0x00, 0x00, 0x00, 0x00, 0x00, 0x00, 0xb8, 0x62, 0x1e, 0x72, 0xc6, 0x6c, 0x22, 0xff, 0xc9, 0x70,
  0x24, 0xff, 0xcb, 0x73, 0x26, 0xff, 0xcc, 0x75, 0x27, 0xff, 0xcd, 0x77, 0x28, 0xff, 0xce, 0x77,
  0x28, 0xff, 0xce, 0x78, 0x28, 0xff, 0xce, 0x78, 0x28, 0xff, 0xce, 0x78, 0x28, 0xff, 0xce, 0x78,
  0x28, 0xff, 0xce, 0x78, 0x28, 0xff, 0xce, 0x78, 0x28, 0xff, 0xce, 0x78, 0x28, 0xff, 0xce, 0x78,
  0x28, 0xff, 0xce, 0x78, 0x28, 0xff, 0xce, 0x78, 0x28, 0xff, 0xce, 0x78, 0x28, 0xff, 0xce, 0x78,
  0x28, 0xff, 0xce, 0x78, 0x2a, 0xff, 0xd2, 0x82, 0x39, 0xff, 0xd2, 0x84, 0x3c, 0xff, 0xd2, 0x84,
  0x3c, 0xff, 0xd2, 0x84, 0x3c, 0xff, 0xea, 0xc6, 0xa6, 0xff, 0xff, 0xff, 0xff, 0xff, 0xff, 0xff,
  0xff, 0xff, 0xff, 0xff, 0xff, 0xff, 0xff, 0xff, 0xff, 0xff, 0xff, 0xff, 0xff, 0xff, 0xff, 0xff,
  0xff, 0xff, 0xff, 0xff, 0xff, 0xff, 0xff, 0xff, 0xff, 0xff, 0xff, 0xff, 0xff, 0xff, 0xff, 0xff,
  0xff, 0xff, 0xea, 0xc6, 0xa6, 0xff, 0xd2, 0x84, 0x3c, 0xff, 0xd2, 0x84, 0x3c, 0xff, 0xd2, 0x84,
  0x3c, 0xff, 0xd2, 0x82, 0x39, 0xff, 0xce, 0x78, 0x2a, 0xff, 0xce, 0x78, 0x28, 0xff, 0xce, 0x78,
  0x28, 0xff, 0xce, 0x78, 0x28, 0xff, 0xce, 0x78, 0x28, 0xff, 0xce, 0x78, 0x28, 0xff, 0xce, 0x78,
  0x28, 0xff, 0xce, 0x78, 0x28, 0xff, 0xce, 0x78, 0x28, 0xff, 0xce, 0x78, 0x28, 0xff, 0xce, 0x78,
  0x28, 0xff, 0xce, 0x78, 0x28, 0xff, 0xce, 0x78, 0x28, 0xff, 0xce, 0x77, 0x28, 0xff, 0xcd, 0x77,
  0x28, 0xff, 0xcc, 0x75, 0x27, 0xff, 0xcb, 0x73, 0x26, 0xff, 0xc9, 0x70, 0x24, 0xff, 0xc6, 0x6c,
  0x22, 0xff, 0xb8, 0x62, 0x1e, 0x72, 0x00, 0x00, 0x00, 0x00, 0x00, 0x00, 0x00, 0x00, 0x00, 0x00,
  0x00, 0x00, 0xae, 0x5c, 0x1c, 0x08, 0xbf, 0x66, 0x1f, 0xd5, 0xc8, 0x6e, 0x23, 0xff, 0xcb, 0x72,
  0x25, 0xff, 0xcc, 0x74, 0x27, 0xff, 0xcd, 0x76, 0x28, 0xff, 0xce, 0x77, 0x28, 0xff, 0xcf, 0x78,
  0x29, 0xff, 0xcf, 0x78, 0x29, 0xff, 0xcf, 0x78, 0x29, 0xff, 0xcf, 0x78, 0x29, 0xff, 0xcf, 0x78,
  0x29, 0xff, 0xcf, 0x78, 0x29, 0xff, 0xcf, 0x78, 0x29, 0xff, 0xcf, 0x78, 0x29, 0xff, 0xcf, 0x78,
  0x29, 0xff, 0xcf, 0x78, 0x29, 0xff, 0xcf, 0x78, 0x29, 0xff, 0xcf, 0x78, 0x29, 0xff, 0xcf, 0x78,
  0x29, 0xff, 0xcf, 0x78, 0x29, 0xff, 0xcf, 0x78, 0x29, 0xff, 0xcf, 0x78, 0x29, 0xff, 0xcf, 0x78,
  0x29, 0xff, 0xcf, 0x78, 0x28, 0xff, 0xe8, 0xc1, 0x9d, 0xff, 0xff, 0xff, 0xff, 0xff, 0xff, 0xff,
  0xff, 0xff, 0xff, 0xff, 0xff, 0xff, 0xff, 0xff, 0xff, 0xff, 0xff, 0xff, 0xff, 0xff, 0xff, 0xff,
  0xff, 0xff, 0xff, 0xff, 0xff, 0xff, 0xff, 0xff, 0xff, 0xff, 0xff, 0xff, 0xff, 0xff, 0xff, 0xff,
  0xff, 0xff, 0xe8, 0xc1, 0x9d, 0xff, 0xcf, 0x78, 0x28, 0xff, 0xcf, 0x78, 0x29, 0xff, 0xcf, 0x78,
  0x29, 0xff, 0xcf, 0x78, 0x29, 0xff, 0xcf, 0x78, 0x29, 0xff, 0xcf, 0x78, 0x29, 0xff, 0xcf, 0x78,
  0x29, 0xff, 0xcf, 0x78, 0x29, 0xff, 0xcf, 0x78, 0x29, 0xff, 0xcf, 0x78, 0x29, 0xff, 0xcf, 0x78,
  0x29, 0xff, 0xcf, 0x78, 0x29, 0xff, 0xcf, 0x78, 0x29, 0xff, 0xcf, 0x78, 0x29, 0xff, 0xcf, 0x78,
  0x29, 0xff, 0xcf, 0x78, 0x29, 0xff, 0xcf, 0x78, 0x29, 0xff, 0xcf, 0x78, 0x29, 0xff, 0xce, 0x77,
  0x28, 0xff, 0xcd, 0x76, 0x28, 0xff, 0xcc, 0x74, 0x27, 0xff, 0xcb, 0x72, 0x25, 0xff, 0xc8, 0x6e,
  0x23, 0xff, 0xbf, 0x66, 0x1f, 0xd5, 0xae, 0x5c, 0x1c, 0x08, 0x00, 0x00, 0x00, 0x00, 0x00, 0x00,
  0x00, 0x00, 0xb5, 0x60, 0x1d, 0x3c, 0xc4, 0x6b, 0x21, 0xfd, 0xc9, 0x70, 0x24, 0xff, 0xcb, 0x73,
  0x26, 0xff, 0xcd, 0x76, 0x27, 0xff, 0xce, 0x77, 0x28, 0xff, 0xce, 0x78, 0x28, 0xff, 0xcf, 0x79,
  0x29, 0xff, 0xcf, 0x79, 0x29, 0xff, 0xcf, 0x79, 0x29, 0xff, 0xcf, 0x79, 0x29, 0xff, 0xcf, 0x79,
  0x29, 0xff, 0xcf, 0x79, 0x29, 0xff, 0xcf, 0x79, 0x29, 0xff, 0xcf, 0x79, 0x29, 0xff, 0xcf, 0x79,
  0x29, 0xff, 0xce, 0x78, 0x28, 0xff, 0xd0, 0x7c, 0x2e, 0xff, 0xd1, 0x81, 0x35, 0xff, 0xd1, 0x81,
  0x36, 0xff, 0xd1, 0x81, 0x36, 0xff, 0xd1, 0x81, 0x36, 0xff, 0xd1, 0x81, 0x36, 0xff, 0xd1, 0x81,
  0x36, 0xff, 0xd1, 0x81, 0x36, 0xff, 0xea, 0xc5, 0xa3, 0xff, 0xff, 0xff, 0xff, 0xff, 0xff, 0xff,
  0xff, 0xff, 0xff, 0xff, 0xff, 0xff, 0xff, 0xff, 0xff, 0xff, 0xff, 0xff, 0xff, 0xff, 0xff, 0xff,
  0xff, 0xff, 0xff, 0xff, 0xff, 0xff, 0xff, 0xff, 0xff, 0xff, 0xff, 0xff, 0xff, 0xff, 0xff, 0xff,
  0xff, 0xff, 0xea, 0xc5, 0xa3, 0xff, 0xd1, 0x81, 0x36, 0xff, 0xd1, 0x81, 0x36, 0xff, 0xd1, 0x81,
  0x36, 0xff, 0xd1, 0x81, 0x36, 0xff, 0xd1, 0x81, 0x36, 0xff, 0xd1, 0x81, 0x36, 0xff, 0xd1, 0x81,
  0x35, 0xff, 0xd0, 0x7c, 0x2e, 0xff, 0xce, 0x78, 0x28, 0xff, 0xcf, 0x79, 0x29, 0xff, 0xcf, 0x79,
  0x29, 0xff, 0xcf, 0x79, 0x29, 0xff, 0xcf, 0x79, 0x29, 0xff, 0xcf, 0x79, 0x29, 0xff, 0xcf, 0x79,
  0x29, 0xff, 0xcf, 0x79, 0x29, 0xff, 0xcf, 0x79, 0x29, 0xff, 0xcf, 0x79, 0x29, 0xff, 0xce, 0x78,
  0x28, 0xff, 0xce, 0x77, 0x28, 0xff, 0xcd, 0x76, 0x27, 0xff, 0xcb, 0x73, 0x26, 0xff, 0xc9, 0x70,
  0x24, 0xff, 0xc4, 0x6b, 0x21, 0xfd, 0xb5, 0x60, 0x1d, 0x3c, 0x00, 0x00, 0x00, 0x00, 0x00, 0x00,
  0x00, 0x00, 0xbb, 0x64, 0x1e, 0x8d, 0xc7, 0x6d, 0x23, 0xff, 0xca, 0x71, 0x25, 0xff, 0xcc, 0x74,
  0x26, 0xff, 0xcd, 0x77, 0x27, 0xff, 0xce, 0x78, 0x28, 0xff, 0xcf, 0x79, 0x29, 0xff, 0xcf, 0x79,
  0x29, 0xff, 0xcf, 0x79, 0x29, 0xff, 0xcf, 0x79, 0x29, 0xff, 0xcf, 0x79, 0x29, 0xff, 0xcf, 0x79,
  0x29, 0xff, 0xcf, 0x79, 0x29, 0xff, 0xcf, 0x79, 0x29, 0xff, 0xcf, 0x79, 0x29, 0xff, 0xd2, 0x81,
  0x36, 0xff, 0xe9, 0xc2, 0x9e, 0xff, 0xf8, 0xec, 0xe1, 0xff, 0xfb, 0xf5, 0xf0, 0xff, 0xfb, 0xf5,
  0xf0, 0xff, 0xfb, 0xf5, 0xf0, 0xff, 0xfb, 0xf5, 0xf0, 0xff, 0xfb, 0xf5, 0xf0, 0xff, 0xfb, 0xf5,
  0xf0, 0xff, 0xfb, 0xf5, 0xf0, 0xff, 0xfd, 0xfa, 0xf8, 0xff, 0xff, 0xff, 0xff, 0xff, 0xff, 0xff,
  0xff, 0xff, 0xff, 0xff, 0xff, 0xff, 0xff, 0xff, 0xff, 0xff, 0xff, 0xff, 0xff, 0xff, 0xff, 0xff,
  0xff, 0xff, 0xff, 0xff, 0xff, 0xff, 0xff, 0xff, 0xff, 0xff, 0xff, 0xff, 0xff, 0xff, 0xff, 0xff,
  0xff, 0xff, 0xfd, 0xfa, 0xf8, 0xff, 0xfb, 0xf5, 0xf0, 0xff, 0xfb, 0xf5, 0xf0, 0xff, 0xfb, 0xf5,
  0xf0, 0xff, 0xfb, 0xf5, 0xf0, 0xff, 0xfb, 0xf5, 0xf0, 0xff, 0xfb, 0xf5, 0xf0, 0xff, 0xfb, 0xf5,
  0xf0, 0xff, 0xf8, 0xec, 0xe1, 0xff, 0xe9, 0xc2, 0x9e, 0xff, 0xd2, 0x81, 0x36, 0xff, 0xcf, 0x79,
  0x29, 0xff, 0xcf, 0x79, 0x29, 0xff, 0xcf, 0x79, 0x29, 0xff, 0xcf, 0x79, 0x29, 0xff, 0xcf, 0x79,
  0x29, 0xff, 0xcf, 0x79, 0x29, 0xff, 0xcf, 0x79, 0x29, 0xff, 0xcf, 0x79, 0x29, 0xff, 0xcf, 0x79,
  0x29, 0xff, 0xce, 0x78, 0x28, 0xff, 0xcd, 0x77, 0x27, 0xff, 0xcc, 0x74, 0x26, 0xff, 0xca, 0x71,
  0x25, 0xff, 0xc7, 0x6d, 0x23, 0xff, 0xbb, 0x64, 0x1e, 0x8d, 0x00, 0x00, 0x00, 0x00, 0xad, 0x5c,
  0x1c, 0x04, 0xc0, 0x68, 0x20, 0xd5, 0xc9, 0x70, 0x24, 0xff, 0xcb, 0x73, 0x26, 0xff, 0xcd, 0x76,
  0x28, 0xff, 0xce, 0x78, 0x29, 0xff, 0xcf, 0x79, 0x29, 0xff, 0xcf, 0x7a, 0x2a, 0xff, 0xcf, 0x7a,
  0x2a, 0xff, 0xcf, 0x7a, 0x2a, 0xff, 0xcf, 0x7a, 0x2a, 0xff, 0xcf, 0x7a, 0x2a, 0xff, 0xcf, 0x7a,
  0x2a, 0xff, 0xcf, 0x7a, 0x2a, 0xff, 0xcf, 0x7a, 0x2a, 0xff, 0xd2, 0x81, 0x35, 0xff, 0xf4, 0xe2,
  0xd0, 0xff, 0xfe, 0xfe, 0xfe, 0xff, 0xff, 0xff, 0xff, 0xff, 0xff, 0xff, 0xff, 0xff, 0xff, 0xff,
  0xff, 0xff, 0xff, 0xff, 0xff, 0xff, 0xff, 0xff, 0xff, 0xff, 0xff, 0xff, 0xff, 0xff, 0xff, 0xff,
  0xff, 0xff, 0xff, 0xff, 0xff, 0xff, 0xff, 0xff, 0xff, 0xff, 0xff, 0xff, 0xff, 0xff, 0xff, 0xff,
  0xff, 0xff, 0xff, 0xff, 0xff, 0xff, 0xff, 0xff, 0xff, 0xff, 0xff, 0xff, 0xff, 0xff, 0xff, 0xff,
  0xff, 0xff, 0xff, 0xff, 0xff, 0xff, 0xff, 0xff, 0xff, 0xff, 0xff, 0xff, 0xff, 0xff, 0xff, 0xff,
  0xff, 0xff, 0xff, 0xff, 0xff, 0xff, 0xff, 0xff, 0xff, 0xff, 0xff, 0xff, 0xff, 0xff, 0xff, 0xff,
  0xff, 0xff, 0xff, 0xff, 0xff, 0xff, 0xff, 0xff, 0xff, 0xff, 0xff, 0xff, 0xff, 0xff, 0xff, 0xff,
  0xff, 0xff, 0xff, 0xff, 0xff, 0xff, 0xfe, 0xfe, 0xfe, 0xff, 0xf4, 0xe2, 0xd0, 0xff, 0xd2, 0x81,
  0x35, 0xff, 0xcf, 0x7a, 0x2a, 0xff, 0xcf, 0x7a, 0x2a, 0xff, 0xcf, 0x7a, 0x2a, 0xff, 0xcf, 0x7a,
  0x2a, 0xff, 0xcf, 0x7a, 0x2a, 0xff, 0xcf, 0x7a, 0x2a, 0xff, 0xcf, 0x7a, 0x2a, 0xff, 0xcf, 0x7a,
  0x2a, 0xff, 0xcf, 0x79, 0x29, 0xff, 0xce, 0x78, 0x29, 0xff, 0xcd, 0x76, 0x28, 0xff, 0xcb, 0x73,
  0x26, 0xff, 0xc9, 0x70, 0x24, 0xff, 0xc0, 0x68, 0x20, 0xd5, 0xad, 0x5c, 0x1c, 0x04, 0xb3, 0x5f,
  0x1d, 0x22, 0xc4, 0x6b, 0x22, 0xf7, 0xca, 0x71, 0x25, 0xff, 0xcc, 0x74, 0x27, 0xff, 0xce, 0x77,
  0x28, 0xff, 0xcf, 0x78, 0x29, 0xff, 0xd0, 0x79, 0x2a, 0xff, 0xd0, 0x7a, 0x2a, 0xff, 0xd0, 0x7a,
  0x2a, 0xff, 0xd0, 0x7a, 0x2a, 0xff, 0xd0, 0x7a, 0x2a, 0xff, 0xd0, 0x7a, 0x2a, 0xff, 0xd0, 0x7a,
  0x2a, 0xff, 0xd0, 0x7a, 0x2a, 0xff, 0xcf, 0x7a, 0x29, 0xff, 0xe7, 0xbb, 0x93, 0xff, 0xfe, 0xfe,
  0xfe, 0xff, 0xff, 0xff, 0xff, 0xff, 0xfe, 0xfe, 0xfd, 0xff, 0xfc, 0xf8, 0xf4, 0xff, 0xfc, 0xf7,
  0xf2, 0xff, 0xfc, 0xf7, 0xf2, 0xff, 0xfc, 0xf7, 0xf2, 0xff, 0xfc, 0xf7, 0xf2, 0xff, 0xfc, 0xf7,
  0xf2, 0xff, 0xfc, 0xf7, 0xf2, 0xff, 0xfc, 0xf7, 0xf2, 0xff, 0xfc, 0xf7, 0xf2, 0xff, 0xfc, 0xf7,
  0xf2, 0xff, 0xfc, 0xf7, 0xf2, 0xff, 0xfc, 0xf7, 0xf2, 0xff, 0xfc, 0xf7, 0xf2, 0xff, 0xfc, 0xf7,
  0xf2, 0xff, 0xfc, 0xf7, 0xf2, 0xff, 0xfc, 0xf7, 0xf2, 0xff, 0xfc, 0xf7, 0xf2, 0xff, 0xfc, 0xf7,
  0xf2, 0xff, 0xfc, 0xf7, 0xf2, 0xff, 0xfc, 0xf7, 0xf2, 0xff, 0xfc, 0xf7, 0xf2, 0xff, 0xfc, 0xf7,
  0xf2, 0xff, 0xfc, 0xf7, 0xf2, 0xff, 0xfc, 0xf7, 0xf2, 0xff, 0xfc, 0xf7, 0xf2, 0xff, 0xfc, 0xf8,
  0xf4, 0xff, 0xfe, 0xfe, 0xfd, 0xff, 0xff, 0xff, 0xff, 0xff, 0xfe, 0xfe, 0xfe, 0xff, 0xe7, 0xbb,
  0x93, 0xff, 0xcf, 0x7a, 0x29, 0xff, 0xd0, 0x7a, 0x2a, 0xff, 0xd0, 0x7a, 0x2a, 0xff, 0xd0, 0x7a,
  0x2a, 0xff, 0xd0, 0x7a, 0x2a, 0xff, 0xd0, 0x7a, 0x2a, 0xff, 0xd0, 0x7a, 0x2a, 0xff, 0xd0, 0x7a,
  0x2a, 0xff, 0xd0, 0x79, 0x2a, 0xff, 0xcf, 0x78, 0x29, 0xff, 0xce, 0x77, 0x28, 0xff, 0xcc, 0x74,
  0x27, 0xff, 0xca, 0x71, 0x25, 0xff, 0xc4, 0x6b, 0x22, 0xf7, 0xb3, 0x5f, 0x1d, 0x22, 0xb8, 0x63,
  0x1e, 0x54, 0xc7, 0x6e, 0x23, 0xff, 0xcb, 0x72, 0x25, 0xff, 0xcd, 0x76, 0x27, 0xff, 0xce, 0x78,
  0x28, 0xff, 0xcf, 0x79, 0x29, 0xff, 0xd0, 0x7a, 0x2a, 0xff, 0xd0, 0x7b, 0x2a, 0xff, 0xd0, 0x7b,
  0x2a, 0xff, 0xd0, 0x7b, 0x2a, 0xff, 0xd0, 0x7b, 0x2a, 0xff, 0xd0, 0x7b, 0x2a, 0xff, 0xd0, 0x7b,
  0x2a, 0xff, 0xd0, 0x7b, 0x2a, 0xff, 0xd0, 0x7b, 0x2b, 0xff, 0xf5, 0xe4, 0xd3, 0xff, 0xff, 0xff,
  0xff, 0xff, 0xfe, 0xfe, 0xfe, 0xff, 0xe6, 0xba, 0x90, 0xff, 0xd4, 0x86, 0x3b, 0xff, 0xd3, 0x85,
  0x3a, 0xff, 0xd3, 0x85, 0x3a, 0xff, 0xd3, 0x85, 0x3a, 0xff, 0xd3, 0x85, 0x3a, 0xff, 0xd3, 0x85,
  0x3a, 0xff, 0xd3, 0x85, 0x3a, 0xff, 0xd3, 0x85, 0x3a, 0xff, 0xd3, 0x85, 0x3a, 0xff, 0xd3, 0x85,
  0x3a, 0xff, 0xd3, 0x85, 0x3a, 0xff, 0xd3, 0x85, 0x3a, 0xff, 0xd3, 0x85, 0x3a, 0xff, 0xd3, 0x85,
  0x3a, 0xff, 0xd3, 0x85, 0x3a, 0xff, 0xd3, 0x85, 0x3a, 0xff, 0xd3, 0x85, 0x3a, 0xff, 0xd3, 0x85,
  0x3a, 0xff, 0xd3, 0x85, 0x3a, 0xff, 0xd3, 0x85, 0x3a, 0xff, 0xd3, 0x85, 0x3a, 0xff, 0xd3, 0x85,
  0x3a, 0xff, 0xd3, 0x85, 0x3a, 0xff, 0xd3, 0x85, 0x3a, 0xff, 0xd3, 0x85, 0x3a, 0xff, 0xd4, 0x86,
  0x3b, 0xff, 0xe6, 0xba, 0x90, 0xff, 0xfe, 0xfe, 0xfe, 0xff, 0xff, 0xff, 0xff, 0xff, 0xf5, 0xe4,
  0xd3, 0xff, 0xd0, 0x7b, 0x2b, 0xff, 0xd0, 0x7b, 0x2a, 0xff, 0xd0, 0x7b, 0x2a, 0xff, 0xd0, 0x7b,
  0x2a, 0xff, 0xd0, 0x7b, 0x2a, 0xff, 0xd0, 0x7b, 0x2a, 0xff, 0xd0, 0x7b, 0x2a, 0xff, 0xd0, 0x7b,
  0x2a, 0xff, 0xd0, 0x7a, 0x2a, 0xff, 0xcf, 0x79, 0x29, 0xff, 0xce, 0x78, 0x28, 0xff, 0xcd, 0x76,
  0x27, 0xff, 0xcb, 0x72, 0x25, 0xff, 0xc7, 0x6e, 0x23, 0xff, 0xb8, 0x63, 0x1e, 0x54, 0xbc, 0x66,
  0x20, 0x85, 0xc8, 0x6f, 0x24, 0xff, 0xcb, 0x73, 0x26, 0xff, 0xcd, 0x76, 0x28, 0xff, 0xce, 0x78,
  0x29, 0xff, 0xcf, 0x7a, 0x2a, 0xff, 0xd0, 0x7b, 0x2a, 0xff, 0xd0, 0x7b, 0x2a, 0xff, 0xd0, 0x7b,
  0x2a, 0xff, 0xd0, 0x7b, 0x2a, 0xff, 0xd0, 0x7b, 0x2a, 0xff, 0xd0, 0x7b, 0x2a, 0xff, 0xd0, 0x7b,
  0x2a, 0xff, 0xd0, 0x7b, 0x2a, 0xff, 0xd1, 0x7d, 0x2e, 0xff, 0xf8, 0xed, 0xe2, 0xff, 0xff, 0xff,
  0xff, 0xff, 0xfe, 0xfe, 0xfd, 0xff, 0xd7, 0x8f, 0x4a, 0xff, 0xd5, 0x8a, 0x42, 0xff, 0xd2, 0x80,
  0x33, 0xff, 0xd0, 0x7b, 0x2a, 0xff, 0xd0, 0x7b, 0x2a, 0xff, 0xd0, 0x7b, 0x2a, 0xff, 0xd0, 0x7b,
  0x2a, 0xff, 0xd0, 0x7b, 0x2a, 0xff, 0xd0, 0x7b, 0x2a, 0xff, 0xd0, 0x7b, 0x2a, 0xff, 0xd0, 0x7b,
  0x2a, 0xff, 0xd0, 0x7b, 0x2a, 0xff, 0xd0, 0x7b, 0x2a, 0xff, 0xd0, 0x7b, 0x2a, 0xff, 0xd0, 0x7b,
  0x2a, 0xff, 0xd0, 0x7b, 0x2a, 0xff, 0xd0, 0x7b, 0x2a, 0xff, 0xd0, 0x7b, 0x2a, 0xff, 0xd0, 0x7b,
  0x2a, 0xff, 0xd0, 0x7b, 0x2a, 0xff, 0xd0, 0x7b, 0x2a, 0xff, 0xd0, 0x7b, 0x2a, 0xff, 0xd0, 0x7b,
  0x2a, 0xff, 0xd0, 0x7b, 0x2a, 0xff, 0xd0, 0x7b, 0x2a, 0xff, 0xd0, 0x7b, 0x2a, 0xff, 0xd0, 0x7b,
  0x2a, 0xff, 0xd7, 0x8e, 0x4a, 0xff, 0xfe, 0xfe, 0xfd, 0xff, 0xff, 0xff, 0xff, 0xff, 0xf8, 0xed,
  0xe2, 0xff, 0xd1, 0x7d, 0x2e, 0xff, 0xd0, 0x7b, 0x2a, 0xff, 0xd0, 0x7b, 0x2a, 0xff, 0xd0, 0x7b,
  0x2a, 0xff, 0xd0, 0x7b, 0x2a, 0xff, 0xd0, 0x7b, 0x2a, 0xff, 0xd0, 0x7b, 0x2a, 0xff, 0xd0, 0x7b,
  0x2a, 0xff, 0xd0, 0x7b, 0x2a, 0xff, 0xcf, 0x7a, 0x2a, 0xff, 0xce, 0x78, 0x29, 0xff, 0xcd, 0x76,
  0x28, 0xff, 0xcb, 0x73, 0x26, 0xff, 0xc8, 0x6f, 0x24, 0xff, 0xbc, 0x66, 0x20, 0x85, 0xc0, 0x68,
  0x20, 0xad, 0xca, 0x71, 0x25, 0xff, 0xcc, 0x74, 0x27, 0xff, 0xce, 0x78, 0x28, 0xff, 0xcf, 0x7a,
  0x29, 0xff, 0xd0, 0x7b, 0x2a, 0xff, 0xd0, 0x7b, 0x2b, 0xff, 0xd0, 0x7b, 0x2b, 0xff, 0xd0, 0x7b,
  0x2b, 0xff, 0xd0, 0x7b, 0x2b, 0xff, 0xd0, 0x7b, 0x2b, 0xff, 0xd0, 0x7b, 0x2b, 0xff, 0xd0, 0x7b,
  0x2b, 0xff, 0xd0, 0x7b, 0x2b, 0xff, 0xd2, 0x7e, 0x2f, 0xff, 0xf8, 0xed, 0xe3, 0xff, 0xff, 0xff,
  0xff, 0xff, 0xfe, 0xfd, 0xfd, 0xff, 0xd7, 0x8f, 0x4a, 0xff, 0xe0, 0xa9, 0x74, 0xff, 0xf7, 0xe9,
  0xdc, 0xff, 0xdc, 0x9b, 0x5e, 0xff, 0xd1, 0x7c, 0x2b, 0xff, 0xd0, 0x7b, 0x2b, 0xff, 0xd0, 0x7b,
  0x2b, 0xff, 0xd0, 0x7b, 0x2b, 0xff, 0xd0, 0x7b, 0x2b, 0xff, 0xd0, 0x7b, 0x2b, 0xff, 0xd0, 0x7b,
  0x2b, 0xff, 0xd0, 0x7b, 0x2b, 0xff, 0xd0, 0x7b, 0x2b, 0xff, 0xd0, 0x7b, 0x2b, 0xff, 0xd0, 0x7b,
  0x2b, 0xff, 0xd0, 0x7b, 0x2b, 0xff, 0xd0, 0x7b, 0x2b, 0xff, 0xd0, 0x7b, 0x2b, 0xff, 0xd0, 0x7b,
  0x2b, 0xff, 0xd0, 0x7b, 0x2b, 0xff, 0xd0, 0x7b, 0x2b, 0xff, 0xd0, 0x7b, 0x2b, 0xff, 0xd0, 0x7b,
  0x2b, 0xff, 0xd0, 0x7b, 0x2b, 0xff, 0xd0, 0x7b, 0x2b, 0xff, 0xd0, 0x7b, 0x2b, 0xff, 0xd0, 0x7b,
  0x2b, 0xff, 0xd7, 0x8f, 0x4a, 0xff, 0xfe, 0xfd, 0xfd, 0xff, 0xff, 0xff, 0xff, 0xff, 0xf8, 0xed,
  0xe3, 0xff, 0xd2, 0x7e, 0x2f, 0xff, 0xd0, 0x7b, 0x2b, 0xff, 0xd0, 0x7b, 0x2b, 0xff, 0xd0, 0x7b,
  0x2b, 0xff, 0xd0, 0x7b, 0x2b, 0xff, 0xd0, 0x7b, 0x2b, 0xff, 0xd0, 0x7b, 0x2b, 0xff, 0xd0, 0x7b,
  0x2b, 0xff, 0xd0, 0x7b, 0x2b, 0xff, 0xd0, 0x7b, 0x2a, 0xff, 0xcf, 0x7a, 0x29, 0xff, 0xce, 0x78,
  0x28, 0xff, 0xcc, 0x74, 0x27, 0xff, 0xca, 0x71, 0x25, 0xff, 0xc0, 0x68, 0x20, 0xad, 0xc1, 0x69,
  0x21, 0xd1, 0xca, 0x71, 0x25, 0xff, 0xcd, 0x75, 0x27, 0xff, 0xce, 0x78, 0x28, 0xff, 0xcf, 0x7a,
  0x29, 0xff, 0xd0, 0x7b, 0x2a, 0xff, 0xd1, 0x7c, 0x2b, 0xff, 0xd1, 0x7c, 0x2b, 0xff, 0xd1, 0x7c,
  0x2b, 0xff, 0xd1, 0x7c, 0x2b, 0xff, 0xd1, 0x7c, 0x2b, 0xff, 0xd1, 0x7c, 0x2b, 0xff, 0xd1, 0x7c,
  0x2b, 0xff, 0xd1, 0x7c, 0x2b, 0xff, 0xd2, 0x7e, 0x2f, 0xff, 0xf8, 0xed, 0xe3, 0xff, 0xff, 0xff,
  0xff, 0xff, 0xfe, 0xfd, 0xfd, 0xff, 0xd7, 0x8f, 0x4a, 0xff, 0xe0, 0xa9, 0x74, 0xff, 0xff, 0xff,
  0xff, 0xff, 0xfd, 0xfa, 0xf7, 0xff, 0xe9, 0xc2, 0x9c, 0xff, 0xd3, 0x82, 0x35, 0xff, 0xd1, 0x7c,
  0x2a, 0xff, 0xd1, 0x7c, 0x2b, 0xff, 0xd1, 0x7c, 0x2b, 0xff, 0xd1, 0x7c, 0x2b, 0xff, 0xd1, 0x7c,
  0x2b, 0xff, 0xd1, 0x7c, 0x2b, 0xff, 0xd1, 0x7c, 0x2b, 0xff, 0xd1, 0x7c, 0x2b, 0xff, 0xd1, 0x7c,
  0x2b, 0xff, 0xd1, 0x7c, 0x2b, 0xff, 0xd1, 0x7c, 0x2b, 0xff, 0xd1, 0x7c, 0x2b, 0xff, 0xd1, 0x7c,
  0x2b, 0xff, 0xd1, 0x7c, 0x2b, 0xff, 0xd1, 0x7c, 0x2b, 0xff, 0xd1, 0x7c, 0x2b, 0xff, 0xd1, 0x7c,
  0x2b, 0xff, 0xd1, 0x7c, 0x2b, 0xff, 0xd1, 0x7c, 0x2b, 0xff, 0xd1, 0x7c, 0x2b, 0xff, 0xd1, 0x7c,
  0x2b, 0xff, 0xd7, 0x8f, 0x4a, 0xff, 0xfe, 0xfd, 0xfd, 0xff, 0xff, 0xff, 0xff, 0xff, 0xf8, 0xed,
  0xe3, 0xff, 0xd2, 0x7e, 0x2f, 0xff, 0xd1, 0x7c, 0x2b, 0xff, 0xd1, 0x7c, 0x2b, 0xff, 0xd1, 0x7c,
  0x2b, 0xff, 0xd1, 0x7c, 0x2b, 0xff, 0xd1, 0x7c, 0x2b, 0xff, 0xd1, 0x7c, 0x2b, 0xff, 0xd1, 0x7c,
  0x2b, 0xff, 0xd1, 0x7c, 0x2b, 0xff, 0xd0, 0x7b, 0x2a, 0xff, 0xcf, 0x7a, 0x29, 0xff, 0xce, 0x78,
  0x28, 0xff, 0xcd, 0x75, 0x27, 0xff, 0xca, 0x71, 0x25, 0xff, 0xc1, 0x69, 0x21, 0xd1, 0xc2, 0x6b,
  0x21, 0xe9, 0xcb, 0x73, 0x25, 0xff, 0xcd, 0x76, 0x27, 0xff, 0xce, 0x79, 0x29, 0xff, 0xd0, 0x7b,
  0x2a, 0xff, 0xd1, 0x7c, 0x2b, 0xff, 0xd1, 0x7d, 0x2b, 0xff, 0xd1, 0x7d, 0x2b, 0xff, 0xd1, 0x7d,
  0x2b, 0xff, 0xd1, 0x7d, 0x2b, 0xff, 0xd1, 0x7d, 0x2b, 0xff, 0xd1, 0x7d, 0x2b, 0xff, 0xd1, 0x7d,
  0x2b, 0xff, 0xd1, 0x7d, 0x2b, 0xff, 0xd2, 0x7f, 0x2f, 0xff, 0xf8, 0xed, 0xe3, 0xff, 0xff, 0xff,
  0xff, 0xff, 0xfe, 0xfd, 0xfd, 0xff, 0xd7, 0x90, 0x4a, 0xff, 0xe0, 0xa9, 0x74, 0xff, 0xff, 0xff,
  0xff, 0xff, 0xff, 0xff, 0xff, 0xff, 0xfe, 0xfe, 0xfe, 0xff, 0xf6, 0xe6, 0xd7, 0xff, 0xda, 0x98,
  0x58, 0xff, 0xd1, 0x7d, 0x2b, 0xff, 0xd1, 0x7d, 0x2b, 0xff, 0xd1, 0x7d, 0x2b, 0xff, 0xd1, 0x7d,
  0x2b, 0xff, 0xd1, 0x7d, 0x2b, 0xff, 0xd1, 0x7d, 0x2b, 0xff, 0xd1, 0x7d, 0x2b, 0xff, 0xd1, 0x7d,
  0x2b, 0xff, 0xd1, 0x7d, 0x2b, 0xff, 0xd1, 0x7d, 0x2b, 0xff, 0xd1, 0x7d, 0x2b, 0xff, 0xd1, 0x7d,
  0x2b, 0xff, 0xd1, 0x7d, 0x2b, 0xff, 0xd1, 0x7d, 0x2b, 0xff, 0xd1, 0x7d, 0x2b, 0xff, 0xd1, 0x7d,
  0x2b, 0xff, 0xd1, 0x7d, 0x2b, 0xff, 0xd1, 0x7d, 0x2b, 0xff, 0xd1, 0x7d, 0x2b, 0xff, 0xd1, 0x7d,
  0x2b, 0xff, 0xd7, 0x90, 0x4a, 0xff, 0xfe, 0xfd, 0xfd, 0xff, 0xff, 0xff, 0xff, 0xff, 0xf8, 0xed,
  0xe3, 0xff, 0xd2, 0x7f, 0x2f, 0xff, 0xd1, 0x7d, 0x2b, 0xff, 0xd1, 0x7d, 0x2b, 0xff, 0xd1, 0x7d,
  0x2b, 0xff, 0xd1, 0x7d, 0x2b, 0xff, 0xd1, 0x7d, 0x2b, 0xff, 0xd1, 0x7d, 0x2b, 0xff, 0xd1, 0x7d,
  0x2b, 0xff, 0xd1, 0x7d, 0x2b, 0xff, 0xd1, 0x7c, 0x2b, 0xff, 0xd0, 0x7b, 0x2a, 0xff, 0xce, 0x79,
  0x29, 0xff, 0xcd, 0x76, 0x27, 0xff, 0xcb, 0x73, 0x25, 0xff, 0xc2, 0x6b, 0x21, 0xe9, 0xc3, 0x6b,
  0x22, 0xf7, 0xcb, 0x73, 0x26, 0xff, 0xce, 0x76, 0x28, 0xff, 0xcf, 0x79, 0x2a, 0xff, 0xd0, 0x7b,
  0x2a, 0xff, 0xd1, 0x7c, 0x2b, 0xff, 0xd1, 0x7d, 0x2b, 0xff, 0xd1, 0x7d, 0x2b, 0xff, 0xd1, 0x7d,
  0x2b, 0xff, 0xd1, 0x7d, 0x2b, 0xff, 0xd1, 0x7d, 0x2b, 0xff, 0xd1, 0x7d, 0x2b, 0xff, 0xd1, 0x7d,
  0x2b, 0xff, 0xd1, 0x7d, 0x2b, 0xff, 0xd2, 0x7f, 0x2f, 0xff, 0xf8, 0xed, 0xe3, 0xff, 0xff, 0xff,
  0xff, 0xff, 0xfe, 0xfd, 0xfd, 0xff, 0xd8, 0x90, 0x4a, 0xff, 0xe1, 0xa9, 0x74, 0xff, 0xff, 0xff,
  0xff, 0xff, 0xff, 0xff, 0xff, 0xff, 0xff, 0xff, 0xff, 0xff, 0xff, 0xff, 0xff, 0xff, 0xfd, 0xfa,
  0xf8, 0xff, 0xe8, 0xbf, 0x98, 0xff, 0xd3, 0x82, 0x34, 0xff, 0xd1, 0x7d, 0x2b, 0xff, 0xd1, 0x7d,
  0x2b, 0xff, 0xd1, 0x7d, 0x2b, 0xff, 0xd1, 0x7d, 0x2b, 0xff, 0xd1, 0x7d, 0x2b, 0xff, 0xd1, 0x7d,
  0x2b, 0xff, 0xd1, 0x7d, 0x2b, 0xff, 0xd1, 0x7d, 0x2b, 0xff, 0xd1, 0x7d, 0x2b, 0xff, 0xd1, 0x7d,
  0x2b, 0xff, 0xd1, 0x7d, 0x2b, 0xff, 0xd1, 0x7d, 0x2b, 0xff, 0xd1, 0x7d, 0x2b, 0xff, 0xd1, 0x7d,
  0x2b, 0xff, 0xd1, 0x7d, 0x2b, 0xff, 0xd1, 0x7d, 0x2b, 0xff, 0xd1, 0x7d, 0x2b, 0xff, 0xd1, 0x7d,
  0x2b, 0xff, 0xd8, 0x90, 0x4a, 0xff, 0xfe, 0xfd, 0xfd, 0xff, 0xff, 0xff, 0xff, 0xff, 0xf8, 0xed,
  0xe3, 0xff, 0xd2, 0x7f, 0x2f, 0xff, 0xd1, 0x7d, 0x2b, 0xff, 0xd1, 0x7d, 0x2b, 0xff, 0xd1, 0x7d,
  0x2b, 0xff, 0xd1, 0x7d, 0x2b, 0xff, 0xd1, 0x7d, 0x2b, 0xff, 0xd1, 0x7d, 0x2b, 0xff, 0xd1, 0x7d,
  0x2b, 0xff, 0xd1, 0x7d, 0x2b, 0xff, 0xd1, 0x7c, 0x2b, 0xff, 0xd0, 0x7b, 0x2a, 0xff, 0xcf, 0x79,
  0x2a, 0xff, 0xce, 0x76, 0x28, 0xff, 0xcb, 0x73, 0x26, 0xff, 0xc3, 0x6b, 0x22, 0xf7, 0xc4, 0x6c,
  0x22, 0xfd, 0xcc, 0x74, 0x26, 0xff, 0xce, 0x77, 0x28, 0xff, 0xcf, 0x7a, 0x2a, 0xff, 0xd1, 0x7c,
  0x2b, 0xff, 0xd2, 0x7d, 0x2c, 0xff, 0xd2, 0x7e, 0x2c, 0xff, 0xd2, 0x7e, 0x2c, 0xff, 0xd2, 0x7e,
  0x2c, 0xff, 0xd2, 0x7e, 0x2c, 0xff, 0xd2, 0x7e, 0x2c, 0xff, 0xd2, 0x7e, 0x2c, 0xff, 0xd2, 0x7e,
  0x2c, 0xff, 0xd2, 0x7e, 0x2c, 0xff, 0xd2, 0x80, 0x30, 0xff, 0xf8, 0xee, 0xe3, 0xff, 0xff, 0xff,
  0xff, 0xff, 0xfe, 0xfd, 0xfd, 0xff, 0xd8, 0x90, 0x4b, 0xff, 0xe1, 0xaa, 0x74, 0xff, 0xff, 0xff,
  0xff, 0xff, 0xff, 0xff, 0xff, 0xff, 0xff, 0xff, 0xff, 0xff, 0xff, 0xff, 0xff, 0xff, 0xff, 0xff,
  0xff, 0xff, 0xfe, 0xfe, 0xfe, 0xff, 0xf6, 0xe5, 0xd5, 0xff, 0xdb, 0x98, 0x56, 0xff, 0xd2, 0x7e,
  0x2c, 0xff, 0xd2, 0x7e, 0x2c, 0xff, 0xd2, 0x7e, 0x2c, 0xff, 0xd2, 0x7e, 0x2c, 0xff, 0xd2, 0x7e,
  0x2c, 0xff, 0xd2, 0x7e, 0x2c, 0xff, 0xd2, 0x7e, 0x2c, 0xff, 0xd2, 0x7e, 0x2c, 0xff, 0xd2, 0x7e,
  0x2c, 0xff, 0xd2, 0x7e, 0x2c, 0xff, 0xd2, 0x7e, 0x2c, 0xff, 0xd2, 0x7e, 0x2c, 0xff, 0xd2, 0x7e,
  0x2c, 0xff, 0xd2, 0x7e, 0x2c, 0xff, 0xd2, 0x7e, 0x2c, 0xff, 0xd2, 0x7e, 0x2c, 0xff, 0xd2, 0x7e,
  0x2c, 0xff, 0xd8, 0x90, 0x4b, 0xff, 0xfe, 0xfd, 0xfd, 0xff, 0xff, 0xff, 0xff, 0xff, 0xf8, 0xee,
  0xe3, 0xff, 0xd2, 0x80, 0x30, 0xff, 0xd2, 0x7e, 0x2c, 0xff, 0xd2, 0x7e, 0x2c, 0xff, 0xd2, 0x7e,
  0x2c, 0xff, 0xd2, 0x7e, 0x2c, 0xff, 0xd2, 0x7e, 0x2c, 0xff, 0xd2, 0x7e, 0x2c, 0xff, 0xd2, 0x7e,
  0x2c, 0xff, 0xd2, 0x7e, 0x2c, 0xff, 0xd2, 0x7d, 0x2c, 0xff, 0xd1, 0x7c, 0x2b, 0xff, 0xcf, 0x7a,
  0x2a, 0xff, 0xce, 0x77, 0x28, 0xff, 0xcc, 0x74, 0x26, 0xff, 0xc4, 0x6c, 0x22, 0xfd, 0xc4, 0x6d,
  0x23, 0xfd, 0xcc, 0x74, 0x26, 0xff, 0xce, 0x77, 0x28, 0xff, 0xcf, 0x7a, 0x2a, 0xff, 0xd1, 0x7c,
  0x2b, 0xff, 0xd2, 0x7d, 0x2c, 0xff, 0xd2, 0x7e, 0x2c, 0xff, 0xd2, 0x7e, 0x2c, 0xff, 0xd2, 0x7e,
  0x2c, 0xff, 0xd2, 0x7e, 0x2c, 0xff, 0xd2, 0x7e, 0x2c, 0xff, 0xd2, 0x7e, 0x2c, 0xff, 0xd2, 0x7e,
  0x2c, 0xff, 0xd2, 0x7e, 0x2c, 0xff, 0xd2, 0x80, 0x30, 0xff, 0xf8, 0xee, 0xe3, 0xff, 0xff, 0xff,
  0xff, 0xff, 0xfe, 0xfd, 0xfd, 0xff, 0xd8, 0x90, 0x4b, 0xff, 0xe1, 0xaa, 0x74, 0xff, 0xff, 0xff,
  0xff, 0xff, 0xff, 0xff, 0xff, 0xff, 0xff, 0xff, 0xff, 0xff, 0xff, 0xff, 0xff, 0xff, 0xff, 0xff,
  0xff, 0xff, 0xff, 0xff, 0xff, 0xff, 0xff, 0xff, 0xff, 0xff, 0xfc, 0xf9, 0xf5, 0xff, 0xe8, 0xbd,
  0x93, 0xff, 0xd3, 0x82, 0x33, 0xff, 0xd2, 0x7e, 0x2c, 0xff, 0xd2, 0x7e, 0x2c, 0xff, 0xd2, 0x7e,
  0x2c, 0xff, 0xd2, 0x7e, 0x2c, 0xff, 0xd2, 0x7e, 0x2c, 0xff, 0xd2, 0x7e, 0x2c, 0xff, 0xd2, 0x7e,
  0x2c, 0xff, 0xd2, 0x7e, 0x2c, 0xff, 0xd2, 0x7e, 0x2c, 0xff, 0xd2, 0x7e, 0x2c, 0xff, 0xd2, 0x7e,
  0x2c, 0xff, 0xd2, 0x7e, 0x2c, 0xff, 0xd2, 0x7e, 0x2c, 0xff, 0xd2, 0x7e, 0x2c, 0xff, 0xd2, 0x7e,
  0x2c, 0xff, 0xd8, 0x90, 0x4b, 0xff, 0xfe, 0xfd, 0xfd, 0xff, 0xff, 0xff, 0xff, 0xff, 0xf8, 0xee,
  0xe3, 0xff, 0xd2, 0x80, 0x30, 0xff, 0xd2, 0x7e, 0x2c, 0xff, 0xd2, 0x7e, 0x2c, 0xff, 0xd2, 0x7e,
  0x2c, 0xff, 0xd2, 0x7e, 0x2c, 0xff, 0xd2, 0x7e, 0x2c, 0xff, 0xd2, 0x7e, 0x2c, 0xff, 0xd2, 0x7e,
  0x2c, 0xff, 0xd2, 0x7e, 0x2c, 0xff, 0xd2, 0x7d, 0x2c, 0xff, 0xd1, 0x7c, 0x2b, 0xff, 0xcf, 0x7a,
  0x2a, 0xff, 0xce, 0x77, 0x28, 0xff, 0xcc, 0x74, 0x26, 0xff, 0xc4, 0x6d, 0x23, 0xfd, 0xc4, 0x6d,
  0x23, 0xf7, 0xcb, 0x74, 0x27, 0xff, 0xce, 0x78, 0x29, 0xff, 0xcf, 0x7b, 0x2a, 0xff, 0xd1, 0x7d,
  0x2b, 0xff, 0xd1, 0x7e, 0x2c, 0xff, 0xd2, 0x7e, 0x2c, 0xff, 0xd2, 0x7e, 0x2c, 0xff, 0xd2, 0x7e,
  0x2c, 0xff, 0xd2, 0x7e, 0x2c, 0xff, 0xd2, 0x7e, 0x2c, 0xff, 0xd2, 0x7e, 0x2c, 0xff, 0xd2, 0x7e,
  0x2c, 0xff, 0xd2, 0x7e, 0x2c, 0xff, 0xd2, 0x81, 0x30, 0xff, 0xf8, 0xee, 0xe3, 0xff, 0xff, 0xff,
  0xff, 0xff, 0xfe, 0xfd, 0xfd, 0xff, 0xd8, 0x91, 0x4b, 0xff, 0xe1, 0xaa, 0x75, 0xff, 0xff, 0xff,
  0xff, 0xff, 0xff, 0xff, 0xff, 0xff, 0xff, 0xff, 0xff, 0xff, 0xff, 0xff, 0xff, 0xff, 0xff, 0xff,
  0xff, 0xff, 0xff, 0xff, 0xff, 0xff, 0xff, 0xff, 0xff, 0xff, 0xff, 0xff, 0xff, 0xff, 0xfe, 0xfe,
  0xfe, 0xff, 0xf5, 0xe2, 0xd1, 0xff, 0xda, 0x96, 0x52, 0xff, 0xd2, 0x7e, 0x2c, 0xff, 0xd2, 0x7e,
  0x2c, 0xff, 0xd2, 0x7e, 0x2c, 0xff, 0xd2, 0x7e, 0x2c, 0xff, 0xd2, 0x7e, 0x2c, 0xff, 0xd2, 0x7e,
  0x2c, 0xff, 0xd2, 0x7e, 0x2c, 0xff, 0xd2, 0x7e, 0x2c, 0xff, 0xd2, 0x7e, 0x2c, 0xff, 0xd2, 0x7e,
  0x2c, 0xff, 0xd2, 0x7e, 0x2c, 0xff, 0xd2, 0x7e, 0x2c, 0xff, 0xd2, 0x7e, 0x2c, 0xff, 0xd2, 0x7e,
  0x2c, 0xff, 0xd8, 0x91, 0x4b, 0xff, 0xfe, 0xfd, 0xfd, 0xff, 0xff, 0xff, 0xff, 0xff, 0xf8, 0xee,
  0xe3, 0xff, 0xd2, 0x81, 0x30, 0xff, 0xd2, 0x7e, 0x2c, 0xff, 0xd2, 0x7e, 0x2c, 0xff, 0xd2, 0x7e,
  0x2c, 0xff, 0xd2, 0x7e, 0x2c, 0xff, 0xd2, 0x7e, 0x2c, 0xff, 0xd2, 0x7e, 0x2c, 0xff, 0xd2, 0x7e,
  0x2c, 0xff, 0xd2, 0x7e, 0x2c, 0xff, 0xd1, 0x7e, 0x2c, 0xff, 0xd1, 0x7d, 0x2b, 0xff, 0xcf, 0x7b,
  0x2a, 0xff, 0xce, 0x78, 0x29, 0xff, 0xcb, 0x74, 0x27, 0xff, 0xc4, 0x6d, 0x23, 0xf7, 0xc3, 0x6d,
  0x23, 0xe9, 0xcb, 0x74, 0x27, 0xff, 0xce, 0x78, 0x29, 0xff, 0xcf, 0x7b, 0x2a, 0xff, 0xd1, 0x7d,
  0x2b, 0xff, 0xd1, 0x7e, 0x2c, 0xff, 0xd2, 0x7f, 0x2d, 0xff, 0xd2, 0x7f, 0x2d, 0xff, 0xd2, 0x7f,
  0x2d, 0xff, 0xd2, 0x7f, 0x2d, 0xff, 0xd2, 0x7f, 0x2d, 0xff, 0xd2, 0x7f, 0x2d, 0xff, 0xd2, 0x7f,
  0x2d, 0xff, 0xd2, 0x7f, 0x2d, 0xff, 0xd2, 0x81, 0x31, 0xff, 0xf8, 0xee, 0xe3, 0xff, 0xff, 0xff,
  0xff, 0xff, 0xfe, 0xfd, 0xfd, 0xff, 0xd8, 0x91, 0x4b, 0xff, 0xe1, 0xab, 0x75, 0xff, 0xff, 0xff,
  0xff, 0xff, 0xff, 0xff, 0xff, 0xff, 0xff, 0xff, 0xff, 0xff, 0xff, 0xff, 0xff, 0xff, 0xff, 0xff,
  0xff, 0xff, 0xff, 0xff, 0xff, 0xff, 0xff, 0xff, 0xff, 0xff, 0xff, 0xff, 0xff, 0xff, 0xff, 0xff,
  0xff, 0xff, 0xff, 0xfe, 0xfe, 0xff, 0xfd, 0xf9, 0xf6, 0xff, 0xe7, 0xba, 0x8f, 0xff, 0xd3, 0x83,
  0x33, 0xff, 0xd2, 0x7f, 0x2d, 0xff, 0xd2, 0x7f, 0x2d, 0xff, 0xd2, 0x7f, 0x2d, 0xff, 0xd2, 0x7f,
  0x2d, 0xff, 0xd2, 0x7f, 0x2d, 0xff, 0xd2, 0x7f, 0x2d, 0xff, 0xd2, 0x7f, 0x2d, 0xff, 0xd2, 0x7f,
  0x2d, 0xff, 0xd2, 0x7f, 0x2d, 0xff, 0xd2, 0x7f, 0x2d, 0xff, 0xd2, 0x7f, 0x2d, 0xff, 0xd2, 0x7f,
  0x2d, 0xff, 0xd8, 0x91, 0x4b, 0xff, 0xfe, 0xfd, 0xfd, 0xff, 0xff, 0xff, 0xff, 0xff, 0xf8, 0xee,
  0xe3, 0xff, 0xd2, 0x81, 0x31, 0xff, 0xd2, 0x7f, 0x2d, 0xff, 0xd2, 0x7f, 0x2d, 0xff, 0xd2, 0x7f,
  0x2d, 0xff, 0xd2, 0x7f, 0x2d, 0xff, 0xd2, 0x7f, 0x2d, 0xff, 0xd2, 0x7f, 0x2d, 0xff, 0xd2, 0x7f,
  0x2d, 0xff, 0xd2, 0x7f, 0x2d, 0xff, 0xd1, 0x7e, 0x2c, 0xff, 0xd1, 0x7d, 0x2b, 0xff, 0xcf, 0x7b,
  0x2a, 0xff, 0xce, 0x78, 0x29, 0xff, 0xcb, 0x74, 0x27, 0xff, 0xc3, 0x6d, 0x23, 0xe9, 0xc3, 0x6d,
  0x24, 0xd1, 0xcc, 0x74, 0x27, 0xff, 0xcf, 0x78, 0x2a, 0xff, 0xd0, 0x7b, 0x2b, 0xff, 0xd1, 0x7d,
  0x2c, 0xff, 0xd2, 0x7e, 0x2d, 0xff, 0xd2, 0x7f, 0x2d, 0xff, 0xd2, 0x7f, 0x2d, 0xff, 0xd2, 0x7f,
  0x2d, 0xff, 0xd2, 0x7f, 0x2d, 0xff, 0xd2, 0x7f, 0x2d, 0xff, 0xd2, 0x7f, 0x2d, 0xff, 0xd2, 0x7f,
  0x2d, 0xff, 0xd2, 0x7f, 0x2d, 0xff, 0xd2, 0x82, 0x31, 0xff, 0xf8, 0xee, 0xe3, 0xff, 0xff, 0xff,
  0xff, 0xff, 0xfe, 0xfd, 0xfd, 0xff, 0xd8, 0x92, 0x4c, 0xff, 0xe1, 0xab, 0x76, 0xff, 0xff, 0xff,
  0xff, 0xff, 0xff, 0xff, 0xff, 0xff, 0xff, 0xff, 0xff, 0xff, 0xff, 0xff, 0xff, 0xff, 0xff, 0xff,
  0xff, 0xff, 0xff, 0xff, 0xff, 0xff, 0xff, 0xff, 0xff, 0xff, 0xff, 0xff, 0xff, 0xff, 0xff, 0xff,
  0xff, 0xff, 0xff, 0xff, 0xff, 0xff, 0xff, 0xff, 0xff, 0xff, 0xfe, 0xfe, 0xfe, 0xff, 0xf4, 0xe0,
  0xcd, 0xff, 0xd9, 0x95, 0x52, 0xff, 0xd2, 0x7f, 0x2d, 0xff, 0xd2, 0x7f, 0x2d, 0xff, 0xd2, 0x7f,
  0x2d, 0xff, 0xd2, 0x7f, 0x2d, 0xff, 0xd2, 0x7f, 0x2d, 0xff, 0xd2, 0x7f, 0x2d, 0xff, 0xd2, 0x7f,
  0x2d, 0xff, 0xd2, 0x7f, 0x2d, 0xff, 0xd2, 0x7f, 0x2d, 0xff, 0xd2, 0x7f, 0x2d, 0xff, 0xd2, 0x7f,
  0x2d, 0xff, 0xd8, 0x92, 0x4c, 0xff, 0xfe, 0xfd, 0xfd, 0xff, 0xff, 0xff, 0xff, 0xff, 0xf8, 0xee,
  0xe3, 0xff, 0xd2, 0x82, 0x31, 0xff, 0xd2, 0x7f, 0x2d, 0xff, 0xd2, 0x7f, 0x2d, 0xff, 0xd2, 0x7f,
  0x2d, 0xff, 0xd2, 0x7f, 0x2d, 0xff, 0xd2, 0x7f, 0x2d, 0xff, 0xd2, 0x7f, 0x2d, 0xff, 0xd2, 0x7f,
  0x2d, 0xff, 0xd2, 0x7f, 0x2d, 0xff, 0xd2, 0x7e, 0x2d, 0xff, 0xd1, 0x7d, 0x2c, 0xff, 0xd0, 0x7b,
  0x2b, 0xff, 0xcf, 0x78, 0x2a, 0xff, 0xcc, 0x74, 0x27, 0xff, 0xc3, 0x6d, 0x24, 0xd1, 0xc3, 0x6d,
  0x24, 0xad, 0xcc, 0x74, 0x27, 0xff, 0xce, 0x78, 0x29, 0xff, 0xd0, 0x7b, 0x2b, 0xff, 0xd1, 0x7d,
  0x2c, 0xff, 0xd2, 0x7f, 0x2d, 0xff, 0xd2, 0x80, 0x2e, 0xff, 0xd2, 0x80, 0x2e, 0xff, 0xd2, 0x80,
  0x2e, 0xff, 0xd2, 0x80, 0x2e, 0xff, 0xd2, 0x80, 0x2e, 0xff, 0xd2, 0x80, 0x2e, 0xff, 0xd2, 0x80,
  0x2e, 0xff, 0xd2, 0x80, 0x2e, 0xff, 0xd2, 0x82, 0x32, 0xff, 0xf8, 0xee, 0xe3, 0xff, 0xff, 0xff,
  0xff, 0xff, 0xfe, 0xfd, 0xfd, 0xff, 0xd8, 0x92, 0x4c, 0xff, 0xe1, 0xab, 0x76, 0xff, 0xff, 0xff,
  0xff, 0xff, 0xff, 0xff, 0xff, 0xff, 0xff, 0xff, 0xff, 0xff, 0xff, 0xff, 0xff, 0xff, 0xff, 0xff,
  0xff, 0xff, 0xff, 0xff, 0xff, 0xff, 0xff, 0xff, 0xff, 0xff, 0xff, 0xff, 0xff, 0xff, 0xff, 0xff,
  0xff, 0xff, 0xff, 0xff, 0xff, 0xff, 0xff, 0xff, 0xff, 0xff, 0xff, 0xff, 0xff, 0xff, 0xff, 0xff,
  0xff, 0xff, 0xfc, 0xf8, 0xf3, 0xff, 0xe5, 0xb7, 0x8a, 0xff, 0xd2, 0x82, 0x32, 0xff, 0xd2, 0x7f,
  0x2e, 0xff, 0xd2, 0x80, 0x2e, 0xff, 0xd2, 0x80, 0x2e, 0xff, 0xd2, 0x80, 0x2e, 0xff, 0xd2, 0x80,
  0x2e, 0xff, 0xd2, 0x80, 0x2e, 0xff, 0xd2, 0x80, 0x2e, 0xff, 0xd2, 0x80, 0x2e, 0xff, 0xd2, 0x80,
  0x2e, 0xff, 0xd8, 0x92, 0x4c, 0xff, 0xfe, 0xfd, 0xfd, 0xff, 0xff, 0xff, 0xff, 0xff, 0xf8, 0xee,
  0xe3, 0xff, 0xd2, 0x82, 0x32, 0xff, 0xd2, 0x80, 0x2e, 0xff, 0xd2, 0x80, 0x2e, 0xff, 0xd2, 0x80,
  0x2e, 0xff, 0xd2, 0x80, 0x2e, 0xff, 0xd2, 0x80, 0x2e, 0xff, 0xd2, 0x80, 0x2e, 0xff, 0xd2, 0x80,
  0x2e, 0xff, 0xd2, 0x80, 0x2e, 0xff, 0xd2, 0x7f, 0x2d, 0xff, 0xd1, 0x7d, 0x2c, 0xff, 0xd0, 0x7b,
  0x2b, 0xff, 0xce, 0x78, 0x29, 0xff, 0xcc, 0x74, 0x27, 0xff, 0xc3, 0x6d, 0x24, 0xad, 0xc1, 0x6b,
  0x24, 0x85, 0xcc, 0x74, 0x27, 0xff, 0xce, 0x77, 0x2a, 0xff, 0xd0, 0x7b, 0x2b, 0xff, 0xd1, 0x7d,
  0x2d, 0xff, 0xd2, 0x7e, 0x2e, 0xff, 0xd2, 0x7f, 0x2f, 0xff, 0xd2, 0x80, 0x2f, 0xff, 0xd2, 0x80,
  0x2f, 0xff, 0xd2, 0x80, 0x2f, 0xff, 0xd2, 0x80, 0x2f, 0xff, 0xd2, 0x80, 0x2f, 0xff, 0xd2, 0x80,
  0x2f, 0xff, 0xd2, 0x80, 0x2f, 0xff, 0xd2, 0x82, 0x32, 0xff, 0xf8, 0xee, 0xe3, 0xff, 0xff, 0xff,
  0xff, 0xff, 0xfe, 0xfd, 0xfd, 0xff, 0xd8, 0x92, 0x4d, 0xff, 0xe1, 0xab, 0x76, 0xff, 0xff, 0xff,
  0xff, 0xff, 0xff, 0xff, 0xff, 0xff, 0xff, 0xff, 0xff, 0xff, 0xff, 0xff, 0xff, 0xff, 0xff, 0xff,
  0xff, 0xff, 0xff, 0xff, 0xff, 0xff, 0xff, 0xff, 0xff, 0xff, 0xff, 0xff, 0xff, 0xff, 0xff, 0xff,
  0xff, 0xff, 0xff, 0xff, 0xff, 0xff, 0xff, 0xff, 0xff, 0xff, 0xff, 0xff, 0xff, 0xff, 0xff, 0xff,
  0xff, 0xff, 0xff, 0xff, 0xff, 0xff, 0xfe, 0xfe, 0xfe, 0xff, 0xf3, 0xdf, 0xcb, 0xff, 0xd9, 0x94,
  0x50, 0xff, 0xd2, 0x7f, 0x2e, 0xff, 0xd2, 0x80, 0x2f, 0xff, 0xd2, 0x80, 0x2f, 0xff, 0xd2, 0x80,
  0x2f, 0xff, 0xd2, 0x80, 0x2f, 0xff, 0xd2, 0x80, 0x2f, 0xff, 0xd2, 0x80, 0x2f, 0xff, 0xd2, 0x80,
  0x2f, 0xff, 0xd8, 0x92, 0x4d, 0xff, 0xfe, 0xfd, 0xfd, 0xff, 0xff, 0xff, 0xff, 0xff, 0xf8, 0xee,
  0xe3, 0xff, 0xd2, 0x82, 0x32, 0xff, 0xd2, 0x80, 0x2f, 0xff, 0xd2, 0x80, 0x2f, 0xff, 0xd2, 0x80,
  0x2f, 0xff, 0xd2, 0x80, 0x2f, 0xff, 0xd2, 0x80, 0x2f, 0xff, 0xd2, 0x80, 0x2f, 0xff, 0xd2, 0x80,
  0x2f, 0xff, 0xd2, 0x7f, 0x2f, 0xff, 0xd2, 0x7e, 0x2e, 0xff, 0xd1, 0x7d, 0x2d, 0xff, 0xd0, 0x7b,
  0x2b, 0xff, 0xce, 0x77, 0x2a, 0xff, 0xcc, 0x74, 0x27, 0xff, 0xc1, 0x6b, 0x24, 0x85, 0xbd, 0x69,
  0x22, 0x54, 0xca, 0x74, 0x28, 0xff, 0xcd, 0x77, 0x29, 0xff, 0xcf, 0x7b, 0x2b, 0xff, 0xd1, 0x7d,
  0x2d, 0xff, 0xd2, 0x7f, 0x2e, 0xff, 0xd2, 0x80, 0x2f, 0xff, 0xd2, 0x80, 0x2f, 0xff, 0xd2, 0x80,
  0x2f, 0xff, 0xd2, 0x80, 0x2f, 0xff, 0xd2, 0x80, 0x2f, 0xff, 0xd2, 0x80, 0x2f, 0xff, 0xd2, 0x80,
  0x2f, 0xff, 0xd2, 0x80, 0x2f, 0xff, 0xd2, 0x83, 0x32, 0xff, 0xf8, 0xee, 0xe3, 0xff, 0xff, 0xff,
  0xff, 0xff, 0xfe, 0xfd, 0xfd, 0xff, 0xd8, 0x93, 0x4d, 0xff, 0xe1, 0xac, 0x76, 0xff, 0xff, 0xff,
  0xff, 0xff, 0xff, 0xff, 0xff, 0xff, 0xff, 0xff, 0xff, 0xff, 0xff, 0xff, 0xff, 0xff, 0xff, 0xff,
  0xff, 0xff, 0xff, 0xff, 0xff, 0xff, 0xff, 0xff, 0xff, 0xff, 0xff, 0xff, 0xff, 0xff, 0xff, 0xff,
  0xff, 0xff, 0xff, 0xff, 0xff, 0xff, 0xff, 0xff, 0xff, 0xff, 0xff, 0xff, 0xff, 0xff, 0xff, 0xff,
  0xff, 0xff, 0xff, 0xff, 0xff, 0xff, 0xff, 0xff, 0xff, 0xff, 0xff, 0xff, 0xff, 0xff, 0xfc, 0xf7,
  0xf2, 0xff, 0xe5, 0xb5, 0x86, 0xff, 0xd3, 0x83, 0x33, 0xff, 0xd2, 0x80, 0x2f, 0xff, 0xd2, 0x80,
  0x2f, 0xff, 0xd2, 0x80, 0x2f, 0xff, 0xd2, 0x80, 0x2f, 0xff, 0xd2, 0x80, 0x2f, 0xff, 0xd2, 0x80,
  0x2f, 0xff, 0xd8, 0x93, 0x4d, 0xff, 0xfe, 0xfd, 0xfd, 0xff, 0xff, 0xff, 0xff, 0xff, 0xf8, 0xee,
  0xe3, 0xff, 0xd2, 0x83, 0x32, 0xff, 0xd2, 0x80, 0x2f, 0xff, 0xd2, 0x80, 0x2f, 0xff, 0xd2, 0x80,
  0x2f, 0xff, 0xd2, 0x80, 0x2f, 0xff, 0xd2, 0x80, 0x2f, 0xff, 0xd2, 0x80, 0x2f, 0xff, 0xd2, 0x80,
  0x2f, 0xff, 0xd2, 0x80, 0x2f, 0xff, 0xd2, 0x7f, 0x2e, 0xff, 0xd1, 0x7d, 0x2d, 0xff, 0xcf, 0x7b,
  0x2b, 0xff, 0xcd, 0x77, 0x29, 0xff, 0xca, 0x74, 0x28, 0xff, 0xbd, 0x69, 0x22, 0x54, 0xb8, 0x66,
  0x21, 0x22, 0xc8, 0x72, 0x28, 0xf7, 0xcd, 0x76, 0x29, 0xff, 0xcf, 0x7a, 0x2b, 0xff, 0xd0, 0x7d,
  0x2d, 0xff, 0xd1, 0x7f, 0x2e, 0xff, 0xd2, 0x80, 0x2f, 0xff, 0xd2, 0x80, 0x2f, 0xff, 0xd2, 0x81,
  0x2f, 0xff, 0xd2, 0x81, 0x2f, 0xff, 0xd2, 0x81, 0x2f, 0xff, 0xd2, 0x81, 0x2f, 0xff, 0xd2, 0x81,
  0x2f, 0xff, 0xd2, 0x81, 0x2f, 0xff, 0xd2, 0x83, 0x33, 0xff, 0xf8, 0xee, 0xe3, 0xff, 0xff, 0xff,
  0xff, 0xff, 0xfe, 0xfd, 0xfd, 0xff, 0xd8, 0x93, 0x4e, 0xff, 0xe1, 0xac, 0x77, 0xff, 0xff, 0xff,
  0xff, 0xff, 0xff, 0xff, 0xff, 0xff, 0xff, 0xff, 0xff, 0xff, 0xff, 0xff, 0xff, 0xff, 0xff, 0xff,
  0xff, 0xff, 0xff, 0xff, 0xff, 0xff, 0xff, 0xff, 0xff, 0xff, 0xff, 0xff, 0xff, 0xff, 0xff, 0xff,
  0xff, 0xff, 0xff, 0xff, 0xff, 0xff, 0xff, 0xff, 0xff, 0xff, 0xff, 0xff, 0xff, 0xff, 0xff, 0xff,
  0xff, 0xff, 0xff, 0xff, 0xff, 0xff, 0xff, 0xff, 0xff, 0xff, 0xff, 0xff, 0xff, 0xff, 0xff, 0xff,
  0xff, 0xff, 0xfe, 0xfe, 0xfe, 0xff, 0xf2, 0xdb, 0xc5, 0xff, 0xd8, 0x92, 0x4c, 0xff, 0xd2, 0x81,
  0x2f, 0xff, 0xd2, 0x81, 0x2f, 0xff, 0xd2, 0x81, 0x2f, 0xff, 0xd2, 0x81, 0x2f, 0xff, 0xd2, 0x81,
  0x2f, 0xff, 0xd8, 0x93, 0x4e, 0xff, 0xfe, 0xfd, 0xfd, 0xff, 0xff, 0xff, 0xff, 0xff, 0xf8, 0xee,
  0xe3, 0xff, 0xd2, 0x83, 0x33, 0xff, 0xd2, 0x81, 0x2f, 0xff, 0xd2, 0x81, 0x2f, 0xff, 0xd2, 0x81,
  0x2f, 0xff, 0xd2, 0x81, 0x2f, 0xff, 0xd2, 0x81, 0x2f, 0xff, 0xd2, 0x81, 0x2f, 0xff, 0xd2, 0x80,
  0x2f, 0xff, 0xd2, 0x80, 0x2f, 0xff, 0xd1, 0x7f, 0x2e, 0xff, 0xd0, 0x7d, 0x2d, 0xff, 0xcf, 0x7a,
  0x2b, 0xff, 0xcd, 0x76, 0x29, 0xff, 0xc8, 0x72, 0x28, 0xf7, 0xb8, 0x66, 0x21, 0x22, 0xb3, 0x63,
  0x20, 0x04, 0xc5, 0x70, 0x27, 0xd5, 0xcc, 0x76, 0x29, 0xff, 0xce, 0x7a, 0x2b, 0xff, 0xd0, 0x7d,
  0x2d, 0xff, 0xd1, 0x7f, 0x2e, 0xff, 0xd2, 0x80, 0x2f, 0xff, 0xd2, 0x81, 0x30, 0xff, 0xd2, 0x81,
  0x30, 0xff, 0xd2, 0x81, 0x30, 0xff, 0xd2, 0x81, 0x30, 0xff, 0xd2, 0x81, 0x30, 0xff, 0xd2, 0x81,
  0x30, 0xff, 0xd2, 0x81, 0x30, 0xff, 0xd3, 0x83, 0x33, 0xff, 0xf8, 0xee, 0xe3, 0xff, 0xff, 0xff,
  0xff, 0xff, 0xfe, 0xfd, 0xfd, 0xff, 0xd8, 0x93, 0x4e, 0xff, 0xe1, 0xac, 0x77, 0xff, 0xff, 0xff,
  0xff, 0xff, 0xff, 0xff, 0xff, 0xff, 0xff, 0xff, 0xff, 0xff, 0xff, 0xff, 0xff, 0xff, 0xff, 0xff,
  0xff, 0xff, 0xff, 0xff, 0xff, 0xff, 0xff, 0xff, 0xff, 0xff, 0xff, 0xff, 0xff, 0xff, 0xff, 0xff,
  0xff, 0xff, 0xff, 0xff, 0xff, 0xff, 0xff, 0xff, 0xff, 0xff, 0xff, 0xff, 0xff, 0xff, 0xff, 0xff,
  0xff, 0xff, 0xff, 0xff, 0xff, 0xff, 0xff, 0xff, 0xff, 0xff, 0xff, 0xff, 0xff, 0xff, 0xff, 0xff,
  0xff, 0xff, 0xff, 0xff, 0xff, 0xff, 0xff, 0xff, 0xff, 0xff, 0xfc, 0xf6, 0xf1, 0xff, 0xe4, 0xb3,
  0x83, 0xff, 0xd2, 0x83, 0x32, 0xff, 0xd2, 0x81, 0x30, 0xff, 0xd2, 0x81, 0x30, 0xff, 0xd2, 0x81,
  0x30, 0xff, 0xd8, 0x93, 0x4e, 0xff, 0xfe, 0xfd, 0xfd, 0xff, 0xff, 0xff, 0xff, 0xff, 0xf8, 0xee,
  0xe3, 0xff, 0xd3, 0x83, 0x33, 0xff, 0xd2, 0x81, 0x30, 0xff, 0xd2, 0x81, 0x30, 0xff, 0xd2, 0x81,
  0x30, 0xff, 0xd2, 0x81, 0x30, 0xff, 0xd2, 0x81, 0x30, 0xff, 0xd2, 0x81, 0x30, 0xff, 0xd2, 0x81,
  0x30, 0xff, 0xd2, 0x80, 0x2f, 0xff, 0xd1, 0x7f, 0x2e, 0xff, 0xd0, 0x7d, 0x2d, 0xff, 0xce, 0x7a,
  0x2b, 0xff, 0xcc, 0x76, 0x29, 0xff, 0xc5, 0x70, 0x27, 0xd5, 0xb3, 0x63, 0x20, 0x04, 0x00, 0x00,
  0x00, 0x00, 0xc3, 0x6e, 0x26, 0x8d, 0xcd, 0x76, 0x2a, 0xff, 0xcf, 0x79, 0x2b, 0xff, 0xd1, 0x7c,
  0x2d, 0xff, 0xd2, 0x7f, 0x2e, 0xff, 0xd2, 0x80, 0x2f, 0xff, 0xd2, 0x81, 0x30, 0xff, 0xd3, 0x82,
  0x30, 0xff, 0xd3, 0x82, 0x30, 0xff, 0xd3, 0x82, 0x30, 0xff, 0xd3, 0x82, 0x30, 0xff, 0xd3, 0x82,
  0x30, 0xff, 0xd3, 0x82, 0x30, 0xff, 0xd3, 0x84, 0x34, 0xff, 0xf9, 0xee, 0xe3, 0xff, 0xff, 0xff,
  0xff, 0xff, 0xfe, 0xfd, 0xfd, 0xff, 0xd9, 0x94, 0x4e, 0xff, 0xe2, 0xad, 0x77, 0xff, 0xff, 0xff,
  0xff, 0xff, 0xff, 0xff, 0xff, 0xff, 0xff, 0xff, 0xff, 0xff, 0xff, 0xff, 0xff, 0xff, 0xff, 0xff,
  0xff, 0xff, 0xff, 0xff, 0xff, 0xff, 0xff, 0xff, 0xff, 0xff, 0xff, 0xff, 0xff, 0xff, 0xff, 0xff,
  0xff, 0xff, 0xff, 0xff, 0xff, 0xff, 0xff, 0xff, 0xff, 0xff, 0xff, 0xff, 0xff, 0xff, 0xff, 0xff,
  0xff, 0xff, 0xff, 0xff, 0xff, 0xff, 0xff, 0xff, 0xff, 0xff, 0xff, 0xff, 0xff, 0xff, 0xff, 0xff,
  0xff, 0xff, 0xff, 0xff, 0xff, 0xff, 0xff, 0xff, 0xff, 0xff, 0xff, 0xff, 0xff, 0xff, 0xfe, 0xfe,
  0xfd, 0xff, 0xf2, 0xda, 0xc2, 0xff, 0xd9, 0x92, 0x4c, 0xff, 0xd3, 0x81, 0x30, 0xff, 0xd3, 0x82,
  0x30, 0xff, 0xd9, 0x94, 0x4e, 0xff, 0xfe, 0xfd, 0xfd, 0xff, 0xff, 0xff, 0xff, 0xff, 0xf9, 0xee,
  0xe3, 0xff, 0xd3, 0x84, 0x34, 0xff, 0xd3, 0x82, 0x30, 0xff, 0xd3, 0x82, 0x30, 0xff, 0xd3, 0x82,
  0x30, 0xff, 0xd3, 0x82, 0x30, 0xff, 0xd3, 0x82, 0x30, 0xff, 0xd3, 0x82, 0x30, 0xff, 0xd2, 0x81,
  0x30, 0xff, 0xd2, 0x80, 0x2f, 0xff, 0xd2, 0x7f, 0x2e, 0xff, 0xd1, 0x7c, 0x2d, 0xff, 0xcf, 0x79,
  0x2b, 0xff, 0xcd, 0x76, 0x2a, 0xff, 0xc3, 0x6e, 0x26, 0x8d, 0x00, 0x00, 0x00, 0x00, 0x00, 0x00,
  0x00, 0x00, 0xbd, 0x69, 0x23, 0x3c, 0xcb, 0x74, 0x2a, 0xfd, 0xce, 0x77, 0x2a, 0xff, 0xd0, 0x7b,
  0x2d, 0xff, 0xd1, 0x7e, 0x2e, 0xff, 0xd2, 0x80, 0x2f, 0xff, 0xd2, 0x81, 0x30, 0xff, 0xd3, 0x81,
  0x31, 0xff, 0xd3, 0x82, 0x31, 0xff, 0xd3, 0x82, 0x31, 0xff, 0xd3, 0x82, 0x31, 0xff, 0xd3, 0x82,
  0x31, 0xff, 0xd3, 0x82, 0x31, 0xff, 0xd3, 0x84, 0x34, 0xff, 0xf9, 0xee, 0xe3, 0xff, 0xff, 0xff,
  0xff, 0xff, 0xfe, 0xfd, 0xfd, 0xff, 0xd9, 0x94, 0x4f, 0xff, 0xe1, 0xac, 0x77, 0xff, 0xfe, 0xfd,
  0xfd, 0xff, 0xfe, 0xfd, 0xfd, 0xff, 0xfe, 0xfd, 0xfd, 0xff, 0xfe, 0xfd, 0xfd, 0xff, 0xfe, 0xfd,
  0xfd, 0xff, 0xfe, 0xfd, 0xfd, 0xff, 0xfe, 0xfd, 0xfd, 0xff, 0xfe, 0xfd, 0xfd, 0xff, 0xfe, 0xfd,
  0xfd, 0xff, 0xfe, 0xfd, 0xfd, 0xff, 0xfe, 0xfd, 0xfd, 0xff, 0xfe, 0xfd, 0xfd, 0xff, 0xfe, 0xfd,
  0xfd, 0xff, 0xfe, 0xfd, 0xfd, 0xff, 0xfe, 0xfd, 0xfd, 0xff, 0xfe, 0xfd, 0xfd, 0xff, 0xfe, 0xfd,
  0xfd, 0xff, 0xfe, 0xfd, 0xfd, 0xff, 0xfe, 0xfd, 0xfd, 0xff, 0xfe, 0xfd, 0xfd, 0xff, 0xfe, 0xfd,
  0xfd, 0xff, 0xfe, 0xfd, 0xfd, 0xff, 0xfa, 0xf3, 0xeb, 0xff, 0xe3, 0xb0, 0x7e, 0xff, 0xd3, 0x83,
  0x33, 0xff, 0xd9, 0x94, 0x4f, 0xff, 0xfe, 0xfd, 0xfd, 0xff, 0xff, 0xff, 0xff, 0xff, 0xf9, 0xee,
  0xe3, 0xff, 0xd3, 0x84, 0x34, 0xff, 0xd3, 0x82, 0x31, 0xff, 0xd3, 0x82, 0x31, 0xff, 0xd3, 0x82,
  0x31, 0xff, 0xd3, 0x82, 0x31, 0xff, 0xd3, 0x82, 0x31, 0xff, 0xd3, 0x81, 0x31, 0xff, 0xd2, 0x81,
  0x30, 0xff, 0xd2, 0x80, 0x2f, 0xff, 0xd1, 0x7e, 0x2e, 0xff, 0xd0, 0x7b, 0x2d, 0xff, 0xce, 0x77,
  0x2a, 0xff, 0xcb, 0x74, 0x2a, 0xfd, 0xbd, 0x69, 0x23, 0x3c, 0x00, 0x00, 0x00, 0x00, 0x00, 0x00,
  0x00, 0x00, 0xb8, 0x66, 0x22, 0x08, 0xc7, 0x72, 0x29, 0xd5, 0xcd, 0x77, 0x2a, 0xff, 0xcf, 0x7a,
  0x2c, 0xff, 0xd1, 0x7e, 0x2e, 0xff, 0xd2, 0x80, 0x2f, 0xff, 0xd2, 0x81, 0x30, 0xff, 0xd3, 0x82,
  0x31, 0xff, 0xd3, 0x83, 0x31, 0xff, 0xd3, 0x83, 0x31, 0xff, 0xd3, 0x83, 0x31, 0xff, 0xd3, 0x83,
  0x31, 0xff, 0xd3, 0x83, 0x31, 0xff, 0xd3, 0x85, 0x34, 0xff, 0xf8, 0xee, 0xe2, 0xff, 0xff, 0xff,
  0xff, 0xff, 0xfe, 0xfe, 0xfd, 0xff, 0xda, 0x97, 0x53, 0xff, 0xd6, 0x8b, 0x3f, 0xff, 0xdc, 0x9c,
  0x5b, 0xff, 0xdc, 0x9c, 0x5b, 0xff, 0xdc, 0x9c, 0x5b, 0xff, 0xdc, 0x9c, 0x5b, 0xff, 0xdc, 0x9c,
  0x5b, 0xff, 0xdc, 0x9c, 0x5b, 0xff, 0xdc, 0x9c, 0x5b, 0xff, 0xdc, 0x9c, 0x5b, 0xff, 0xdc, 0x9c,
  0x5b, 0xff, 0xdc, 0x9c, 0x5b, 0xff, 0xdc, 0x9c, 0x5b, 0xff, 0xdc, 0x9c, 0x5b, 0xff, 0xdc, 0x9c,
  0x5b, 0xff, 0xdc, 0x9c, 0x5b, 0xff, 0xdc, 0x9c, 0x5b, 0xff, 0xdc, 0x9c, 0x5b, 0xff, 0xdc, 0x9c,
  0x5b, 0xff, 0xdc, 0x9c, 0x5b, 0xff, 0xdc, 0x9c, 0x5b, 0xff, 0xdc, 0x9c, 0x5b, 0xff, 0xdc, 0x9c,
  0x5b, 0xff, 0xdc, 0x9c, 0x5b, 0xff, 0xdc, 0x9c, 0x5b, 0xff, 0xdc, 0x9c, 0x5b, 0xff, 0xd4, 0x87,
  0x38, 0xff, 0xda, 0x97, 0x53, 0xff, 0xfe, 0xfe, 0xfd, 0xff, 0xff, 0xff, 0xff, 0xff, 0xf8, 0xee,
  0xe2, 0xff, 0xd3, 0x85, 0x34, 0xff, 0xd3, 0x83, 0x31, 0xff, 0xd3, 0x83, 0x31, 0xff, 0xd3, 0x83,
  0x31, 0xff, 0xd3, 0x83, 0x31, 0xff, 0xd3, 0x83, 0x31, 0xff, 0xd3, 0x82, 0x31, 0xff, 0xd2, 0x81,
  0x30, 0xff, 0xd2, 0x80, 0x2f, 0xff, 0xd1, 0x7e, 0x2e, 0xff, 0xcf, 0x7a, 0x2c, 0xff, 0xcd, 0x77,
  0x2a, 0xff, 0xc7, 0x72, 0x29, 0xd5, 0xb8, 0x66, 0x22, 0x08, 0x00, 0x00, 0x00, 0x00, 0x00, 0x00,
  0x00, 0x00, 0x00, 0x00, 0x00, 0x00, 0xc1, 0x6d, 0x26, 0x72, 0xcc, 0x77, 0x2b, 0xff, 0xce, 0x79,
  0x2c, 0xff, 0xd0, 0x7c, 0x2e, 0xff, 0xd1, 0x7f, 0x2f, 0xff, 0xd2, 0x81, 0x30, 0xff, 0xd2, 0x82,
  0x31, 0xff, 0xd3, 0x82, 0x32, 0xff, 0xd3, 0x83, 0x32, 0xff, 0xd3, 0x83, 0x32, 0xff, 0xd3, 0x83,
  0x32, 0xff, 0xd3, 0x83, 0x32, 0xff, 0xd3, 0x83, 0x32, 0xff, 0xf3, 0xdf, 0xca, 0xff, 0xff, 0xff,
  0xff, 0xff, 0xff, 0xff, 0xfe, 0xff, 0xf1, 0xd7, 0xbe, 0xff, 0xe0, 0xa9, 0x71, 0xff, 0xe0, 0xa8,
  0x6f, 0xff, 0xe0, 0xa8, 0x6f, 0xff, 0xe0, 0xa8, 0x6f, 0xff, 0xe0, 0xa8, 0x6f, 0xff, 0xe0, 0xa8,
  0x6f, 0xff, 0xe0, 0xa8, 0x6f, 0xff, 0xe0, 0xa8, 0x6f, 0xff, 0xe0, 0xa8, 0x6f, 0xff, 0xe0, 0xa8,
  0x6f, 0xff, 0xe0, 0xa8, 0x6f, 0xff, 0xe0, 0xa8, 0x6f, 0xff, 0xe0, 0xa8, 0x6f, 0xff, 0xe0, 0xa8,
  0x6f, 0xff, 0xe0, 0xa8, 0x6f, 0xff, 0xe0, 0xa8, 0x6f, 0xff, 0xe0, 0xa8, 0x6f, 0xff, 0xe0, 0xa8,
  0x6f, 0xff, 0xe0, 0xa8, 0x6f, 0xff, 0xe0, 0xa8, 0x6f, 0xff, 0xe0, 0xa8, 0x6f, 0xff, 0xe0, 0xa8,
  0x6f, 0xff, 0xe0, 0xa8, 0x6f, 0xff, 0xe0, 0xa8, 0x6f, 0xff, 0xe0, 0xa8, 0x6f, 0xff, 0xe0, 0xa9,
  0x71, 0xff, 0xf1, 0xd7, 0xbe, 0xff, 0xff, 0xff, 0xfe, 0xff, 0xff, 0xff, 0xff, 0xff, 0xf3, 0xdf,
  0xca, 0xff, 0xd3, 0x83, 0x32, 0xff, 0xd3, 0x83, 0x32, 0xff, 0xd3, 0x83, 0x32, 0xff, 0xd3, 0x83,
  0x32, 0xff, 0xd3, 0x83, 0x32, 0xff, 0xd3, 0x82, 0x32, 0xff, 0xd2, 0x82, 0x31, 0xff, 0xd2, 0x81,
  0x30, 0xff, 0xd1, 0x7f, 0x2f, 0xff, 0xd0, 0x7c, 0x2e, 0xff, 0xce, 0x79, 0x2c, 0xff, 0xcc, 0x77,
  0x2b, 0xff, 0xc1, 0x6d, 0x26, 0x72, 0x00, 0x00, 0x00, 0x00, 0x00, 0x00, 0x00, 0x00, 0x00, 0x00,
  0x00, 0x00, 0x00, 0x00, 0x00, 0x00, 0xba, 0x68, 0x23, 0x14, 0xc8, 0x74, 0x2a, 0xed, 0xcd, 0x78,
  0x2b, 0xff, 0xcf, 0x7b, 0x2d, 0xff, 0xd1, 0x7e, 0x2f, 0xff, 0xd1, 0x80, 0x30, 0xff, 0xd2, 0x82,
  0x31, 0xff, 0xd2, 0x82, 0x32, 0xff, 0xd3, 0x83, 0x32, 0xff, 0xd3, 0x83, 0x32, 0xff, 0xd3, 0x83,
  0x32, 0xff, 0xd3, 0x83, 0x32, 0xff, 0xd3, 0x83, 0x32, 0xff, 0xe2, 0xb0, 0x7c, 0xff, 0xfe, 0xfe,
  0xfd, 0xff, 0xff, 0xff, 0xff, 0xff, 0xff, 0xff, 0xff, 0xff, 0xff, 0xff, 0xff, 0xff, 0xff, 0xff,
  0xff, 0xff, 0xff, 0xff, 0xff, 0xff, 0xff, 0xff, 0xff, 0xff, 0xff, 0xff, 0xff, 0xff, 0xff, 0xff,
  0xff, 0xff, 0xff, 0xff, 0xff, 0xff, 0xff, 0xff, 0xff, 0xff, 0xff, 0xff, 0xff, 0xff, 0xff, 0xff,
  0xff, 0xff, 0xff, 0xff, 0xff, 0xff, 0xff, 0xff, 0xff, 0xff, 0xff, 0xff, 0xff, 0xff, 0xff, 0xff,
  0xff, 0xff, 0xff, 0xff, 0xff, 0xff, 0xff, 0xff, 0xff, 0xff, 0xff, 0xff, 0xff, 0xff, 0xff, 0xff,
  0xff, 0xff, 0xff, 0xff, 0xff, 0xff, 0xff, 0xff, 0xff, 0xff, 0xff, 0xff, 0xff, 0xff, 0xff, 0xff,
  0xff, 0xff, 0xff, 0xff, 0xff, 0xff, 0xff, 0xff, 0xff, 0xff, 0xff, 0xff, 0xff, 0xff, 0xff, 0xff,
  0xff, 0xff, 0xff, 0xff, 0xff, 0xff, 0xff, 0xff, 0xff, 0xff, 0xfe, 0xfe, 0xfd, 0xff, 0xe2, 0xb0,
  0x7c, 0xff, 0xd3, 0x83, 0x32, 0xff, 0xd3, 0x83, 0x32, 0xff, 0xd3, 0x83, 0x32, 0xff, 0xd3, 0x83,
  0x32, 0xff, 0xd3, 0x83, 0x32, 0xff, 0xd2, 0x82, 0x32, 0xff, 0xd2, 0x82, 0x31, 0xff, 0xd1, 0x80,
  0x30, 0xff, 0xd1, 0x7e, 0x2f, 0xff, 0xcf, 0x7b, 0x2d, 0xff, 0xcd, 0x78, 0x2b, 0xff, 0xc8, 0x74,
  0x2a, 0xed, 0xba, 0x68, 0x23, 0x14, 0x00, 0x00, 0x00, 0x00, 0x00, 0x00, 0x00, 0x00, 0x00, 0x00,
  0x00, 0x00, 0x00, 0x00, 0x00, 0x00, 0xb6, 0x66, 0x22, 0x00, 0xc2, 0x70, 0x28, 0x87, 0xcc, 0x77,
  0x2c, 0xff, 0xce, 0x7a, 0x2c, 0xff, 0xd0, 0x7d, 0x2f, 0xff, 0xd1, 0x80, 0x30, 0xff, 0xd2, 0x81,
  0x31, 0xff, 0xd2, 0x82, 0x32, 0xff, 0xd3, 0x83, 0x33, 0xff, 0xd3, 0x84, 0x33, 0xff, 0xd3, 0x84,
  0x33, 0xff, 0xd3, 0x84, 0x33, 0xff, 0xd3, 0x84, 0x33, 0xff, 0xd3, 0x85, 0x36, 0xff, 0xec, 0xcb,
  0xaa, 0xff, 0xfe, 0xfe, 0xfd, 0xff, 0xff, 0xff, 0xff, 0xff, 0xff, 0xff, 0xff, 0xff, 0xff, 0xff,
  0xff, 0xff, 0xff, 0xff, 0xff, 0xff, 0xff, 0xff, 0xff, 0xff, 0xff, 0xff, 0xff, 0xff, 0xff, 0xff,
  0xff, 0xff, 0xff, 0xff, 0xff, 0xff, 0xff, 0xff, 0xff, 0xff, 0xff, 0xff, 0xff, 0xff, 0xff, 0xff,
  0xff, 0xff, 0xff, 0xff, 0xff, 0xff, 0xff, 0xff, 0xff, 0xff, 0xff, 0xff, 0xff, 0xff, 0xff, 0xff,
  0xff, 0xff, 0xff, 0xff, 0xff, 0xff, 0xff, 0xff, 0xff, 0xff, 0xff, 0xff, 0xff, 0xff, 0xff, 0xff,
  0xff, 0xff, 0xff, 0xff, 0xff, 0xff, 0xff, 0xff, 0xff, 0xff, 0xff, 0xff, 0xff, 0xff, 0xff, 0xff,
  0xff, 0xff, 0xff, 0xff, 0xff, 0xff, 0xff, 0xff, 0xff, 0xff, 0xff, 0xff, 0xff, 0xff, 0xff, 0xff,
  0xff, 0xff, 0xff, 0xff, 0xff, 0xff, 0xfe, 0xfe, 0xfd, 0xff, 0xec, 0xcb, 0xaa, 0xff, 0xd3, 0x85,
  0x36, 0xff, 0xd3, 0x84, 0x33, 0xff, 0xd3, 0x84, 0x33, 0xff, 0xd3, 0x84, 0x33, 0xff, 0xd3, 0x84,
  0x33, 0xff, 0xd3, 0x83, 0x33, 0xff, 0xd2, 0x82, 0x32, 0xff, 0xd2, 0x81, 0x31, 0xff, 0xd1, 0x80,
  0x30, 0xff, 0xd0, 0x7d, 0x2f, 0xff, 0xce, 0x7a, 0x2c, 0xff, 0xcc, 0x77, 0x2c, 0xff, 0xc2, 0x70,
  0x28, 0x87, 0xb6, 0x66, 0x22, 0x00, 0x00, 0x00, 0x00, 0x00, 0x00, 0x00, 0x00, 0x00, 0x00, 0x00,
  0x00, 0x00, 0x00, 0x00, 0x00, 0x00, 0x00, 0x00, 0x00, 0x00, 0xbb, 0x68, 0x23, 0x16, 0xc9, 0x75,
  0x2b, 0xe7, 0xce, 0x78, 0x2b, 0xff, 0xd0, 0x7b, 0x2d, 0xff, 0xd1, 0x7e, 0x2f, 0xff, 0xd2, 0x80,
  0x31, 0xff, 0xd2, 0x82, 0x31, 0xff, 0xd3, 0x83, 0x32, 0xff, 0xd3, 0x83, 0x33, 0xff, 0xd3, 0x84,
  0x33, 0xff, 0xd3, 0x84, 0x33, 0xff, 0xd3, 0x84, 0x33, 0xff, 0xd3, 0x84, 0x33, 0xff, 0xd3, 0x84,
  0x33, 0xff, 0xe0, 0xa7, 0x6e, 0xff, 0xee, 0xd1, 0xb3, 0xff, 0xf2, 0xdc, 0xc5, 0xff, 0xf2, 0xdc,
  0xc5, 0xff, 0xf2, 0xdc, 0xc5, 0xff, 0xf2, 0xdc, 0xc5, 0xff, 0xf2, 0xdc, 0xc5, 0xff, 0xf2, 0xdc,
  0xc5, 0xff, 0xf2, 0xdc, 0xc5, 0xff, 0xf2, 0xdc, 0xc5, 0xff, 0xf2, 0xdc, 0xc5, 0xff, 0xf2, 0xdc,
  0xc5, 0xff, 0xf2, 0xdc, 0xc5, 0xff, 0xf2, 0xdc, 0xc5, 0xff, 0xf2, 0xdc, 0xc5, 0xff, 0xf2, 0xdc,
  0xc5, 0xff, 0xf2, 0xdc, 0xc5, 0xff, 0xf2, 0xdc, 0xc5, 0xff, 0xf2, 0xdc, 0xc5, 0xff, 0xf2, 0xdc,
  0xc5, 0xff, 0xf2, 0xdc, 0xc5, 0xff, 0xf2, 0xdc, 0xc5, 0xff, 0xf2, 0xdc, 0xc5, 0xff, 0xf2, 0xdc,
  0xc5, 0xff, 0xf2, 0xdc, 0xc5, 0xff, 0xf2, 0xdc, 0xc5, 0xff, 0xf2, 0xdc, 0xc5, 0xff, 0xf2, 0xdc,
  0xc5, 0xff, 0xee, 0xd1, 0xb3, 0xff, 0xe0, 0xa7, 0x6e, 0xff, 0xd3, 0x84, 0x33, 0xff, 0xd3, 0x84,
  0x33, 0xff, 0xd3, 0x84, 0x33, 0xff, 0xd3, 0x84, 0x33, 0xff, 0xd3, 0x84, 0x33, 0xff, 0xd3, 0x83,
  0x33, 0xff, 0xd3, 0x83, 0x32, 0xff, 0xd2, 0x82, 0x31, 0xff, 0xd2, 0x80, 0x31, 0xff, 0xd1, 0x7e,
  0x2f, 0xff, 0xd0, 0x7b, 0x2d, 0xff, 0xce, 0x78, 0x2b, 0xff, 0xc9, 0x75, 0x2b, 0xe7, 0xbb, 0x68,
  0x23, 0x16, 0x00, 0x00, 0x00, 0x00, 0x00, 0x00, 0x00, 0x00, 0x00, 0x00, 0x00, 0x00, 0x00, 0x00,
  0x00, 0x00, 0x00, 0x00, 0x00, 0x00, 0x00, 0x00, 0x00, 0x00, 0x00, 0x00, 0x00, 0x00, 0xc2, 0x6f,
  0x27, 0x6a, 0xcc, 0x78, 0x2d, 0xfd, 0xce, 0x7a, 0x2c, 0xff, 0xd0, 0x7d, 0x2e, 0xff, 0xd1, 0x80,
  0x30, 0xff, 0xd2, 0x82, 0x31, 0xff, 0xd3, 0x83, 0x32, 0xff, 0xd3, 0x83, 0x33, 0xff, 0xd4, 0x84,
  0x33, 0xff, 0xd4, 0x84, 0x33, 0xff, 0xd4, 0x84, 0x33, 0xff, 0xd4, 0x84, 0x33, 0xff, 0xd4, 0x84,
  0x33, 0xff, 0xd4, 0x84, 0x33, 0xff, 0xd3, 0x84, 0x33, 0xff, 0xd4, 0x84, 0x33, 0xff, 0xd4, 0x84,
  0x33, 0xff, 0xd4, 0x84, 0x33, 0xff, 0xd4, 0x84, 0x33, 0xff, 0xd4, 0x84, 0x33, 0xff, 0xd4, 0x84,
  0x33, 0xff, 0xd4, 0x84, 0x33, 0xff, 0xd4, 0x84, 0x33, 0xff, 0xd4, 0x84, 0x33, 0xff, 0xd4, 0x84,
  0x33, 0xff, 0xd4, 0x84, 0x33, 0xff, 0xd4, 0x84, 0x33, 0xff, 0xd4, 0x84, 0x33, 0xff, 0xd4, 0x84,
  0x33, 0xff, 0xd4, 0x84, 0x33, 0xff, 0xd4, 0x84, 0x33, 0xff, 0xd4, 0x84, 0x33, 0xff, 0xd4, 0x84,
  0x33, 0xff, 0xd4, 0x84, 0x33, 0xff, 0xd4, 0x84, 0x33, 0xff, 0xd4, 0x84, 0x33, 0xff, 0xd4, 0x84,
  0x33, 0xff, 0xd4, 0x84, 0x33, 0xff, 0xd4, 0x84, 0x33, 0xff, 0xd4, 0x84, 0x33, 0xff, 0xd4, 0x84,
  0x33, 0xff, 0xd3, 0x84, 0x33, 0xff, 0xd4, 0x84, 0x33, 0xff, 0xd4, 0x84, 0x33, 0xff, 0xd4, 0x84,
  0x33, 0xff, 0xd4, 0x84, 0x33, 0xff, 0xd4, 0x84, 0x33, 0xff, 0xd4, 0x84, 0x33, 0xff, 0xd3, 0x83,
  0x33, 0xff, 0xd3, 0x83, 0x32, 0xff, 0xd2, 0x82, 0x31, 0xff, 0xd1, 0x80, 0x30, 0xff, 0xd0, 0x7d,
  0x2e, 0xff, 0xce, 0x7a, 0x2c, 0xff, 0xcc, 0x78, 0x2d, 0xfd, 0xc2, 0x6f, 0x27, 0x6a, 0x00, 0x00,
  0x00, 0x00, 0x00, 0x00, 0x00, 0x00, 0x00, 0x00, 0x00, 0x00, 0x00, 0x00, 0x00, 0x00, 0x00, 0x00,
  0x00, 0x00, 0x00, 0x00, 0x00, 0x00, 0x00, 0x00, 0x00, 0x00, 0x00, 0x00, 0x00, 0x00, 0xbb, 0x69,
  0x24, 0x08, 0xc7, 0x74, 0x2b, 0xc1, 0xcd, 0x78, 0x2c, 0xff, 0xcf, 0x7b, 0x2d, 0xff, 0xd1, 0x7e,
  0x2f, 0xff, 0xd2, 0x80, 0x31, 0xff, 0xd2, 0x82, 0x32, 0xff, 0xd3, 0x83, 0x33, 0xff, 0xd3, 0x84,
  0x33, 0xff, 0xd4, 0x84, 0x34, 0xff, 0xd4, 0x85, 0x34, 0xff, 0xd4, 0x85, 0x34, 0xff, 0xd4, 0x85,
  0x34, 0xff, 0xd4, 0x85, 0x34, 0xff, 0xd4, 0x85, 0x34, 0xff, 0xd4, 0x85, 0x34, 0xff, 0xd4, 0x85,
  0x34, 0xff, 0xd4, 0x85, 0x34, 0xff, 0xd4, 0x85, 0x34, 0xff, 0xd4, 0x85, 0x34, 0xff, 0xd4, 0x85,
  0x34, 0xff, 0xd4, 0x85, 0x34, 0xff, 0xd4, 0x85, 0x34, 0xff, 0xd4, 0x85, 0x34, 0xff, 0xd4, 0x85,
  0x34, 0xff, 0xd4, 0x85, 0x34, 0xff, 0xd4, 0x85, 0x34, 0xff, 0xd4, 0x85, 0x34, 0xff, 0xd4, 0x85,
  0x34, 0xff, 0xd4, 0x85, 0x34, 0xff, 0xd4, 0x85, 0x34, 0xff, 0xd4, 0x85, 0x34, 0xff, 0xd4, 0x85,
  0x34, 0xff, 0xd4, 0x85, 0x34, 0xff, 0xd4, 0x85, 0x34, 0xff, 0xd4, 0x85, 0x34, 0xff, 0xd4, 0x85,
  0x34, 0xff, 0xd4, 0x85, 0x34, 0xff, 0xd4, 0x85, 0x34, 0xff, 0xd4, 0x85, 0x34, 0xff, 0xd4, 0x85,
  0x34, 0xff, 0xd4, 0x85, 0x34, 0xff, 0xd4, 0x85, 0x34, 0xff, 0xd4, 0x85, 0x34, 0xff, 0xd4, 0x85,
  0x34, 0xff, 0xd4, 0x85, 0x34, 0xff, 0xd4, 0x84, 0x34, 0xff, 0xd3, 0x84, 0x33, 0xff, 0xd3, 0x83,
  0x33, 0xff, 0xd2, 0x82, 0x32, 0xff, 0xd2, 0x80, 0x31, 0xff, 0xd1, 0x7e, 0x2f, 0xff, 0xcf, 0x7b,
  0x2d, 0xff, 0xcd, 0x78, 0x2c, 0xff, 0xc7, 0x74, 0x2b, 0xc1, 0xbb, 0x69, 0x24, 0x08, 0x00, 0x00,
  0x00, 0x00, 0x00, 0x00, 0x00, 0x00, 0x00, 0x00, 0x00, 0x00, 0x00, 0x00, 0x00, 0x00, 0x00, 0x00,
  0x00, 0x00, 0x00, 0x00, 0x00, 0x00, 0x00, 0x00, 0x00, 0x00, 0x00, 0x00, 0x00, 0x00, 0x00, 0x00,
  0x00, 0x00, 0xbe, 0x6c, 0x25, 0x2a, 0xca, 0x77, 0x2c, 0xef, 0xce, 0x79, 0x2c, 0xff, 0xd0, 0x7c,
  0x2e, 0xff, 0xd1, 0x7f, 0x30, 0xff, 0xd2, 0x81, 0x31, 0xff, 0xd2, 0x82, 0x32, 0xff, 0xd3, 0x83,
  0x33, 0xff, 0xd3, 0x84, 0x33, 0xff, 0xd4, 0x84, 0x34, 0xff, 0xd4, 0x85, 0x34, 0xff, 0xd4, 0x85,
  0x34, 0xff, 0xd4, 0x85, 0x34, 0xff, 0xd4, 0x85, 0x34, 0xff, 0xd4, 0x85, 0x34, 0xff, 0xd4, 0x85,
  0x34, 0xff, 0xd4, 0x85, 0x34, 0xff, 0xd4, 0x85, 0x34, 0xff, 0xd4, 0x85, 0x34, 0xff, 0xd4, 0x85,
  0x34, 0xff, 0xd4, 0x85, 0x34, 0xff, 0xd4, 0x85, 0x34, 0xff, 0xd4, 0x85, 0x34, 0xff, 0xd4, 0x85,
  0x34, 0xff, 0xd4, 0x85, 0x34, 0xff, 0xd4, 0x85, 0x34, 0xff, 0xd4, 0x85, 0x34, 0xff, 0xd4, 0x85,
  0x34, 0xff, 0xd4, 0x85, 0x34, 0xff, 0xd4, 0x85, 0x34, 0xff, 0xd4, 0x85, 0x34, 0xff, 0xd4, 0x85,
  0x34, 0xff, 0xd4, 0x85, 0x34, 0xff, 0xd4, 0x85, 0x34, 0xff, 0xd4, 0x85, 0x34, 0xff, 0xd4, 0x85,
  0x34, 0xff, 0xd4, 0x85, 0x34, 0xff, 0xd4, 0x85, 0x34, 0xff, 0xd4, 0x85, 0x34, 0xff, 0xd4, 0x85,
  0x34, 0xff, 0xd4, 0x85, 0x34, 0xff, 0xd4, 0x85, 0x34, 0xff, 0xd4, 0x85, 0x34, 0xff, 0xd4, 0x85,
  0x34, 0xff, 0xd4, 0x84, 0x34, 0xff, 0xd3, 0x84, 0x33, 0xff, 0xd3, 0x83, 0x33, 0xff, 0xd2, 0x82,
  0x32, 0xff, 0xd2, 0x81, 0x31, 0xff, 0xd1, 0x7f, 0x30, 0xff, 0xd0, 0x7c, 0x2e, 0xff, 0xce, 0x79,
  0x2c, 0xff, 0xca, 0x77, 0x2c, 0xef, 0xbe, 0x6c, 0x25, 0x2a, 0x00, 0x00, 0x00, 0x00, 0x00, 0x00,
  0x00, 0x00, 0x00, 0x00, 0x00, 0x00, 0x00, 0x00, 0x00, 0x00, 0x00, 0x00, 0x00, 0x00, 0x00, 0x00,
  0x00, 0x00, 0x00, 0x00, 0x00, 0x00, 0x00, 0x00, 0x00, 0x00, 0x00, 0x00, 0x00, 0x00, 0x00, 0x00,
  0x00, 0x00, 0xb9, 0x68, 0x24, 0x00, 0xc2, 0x6f, 0x28, 0x60, 0xcc, 0x79, 0x2e, 0xfd, 0xce, 0x7a,
  0x2d, 0xff, 0xd0, 0x7d, 0x2f, 0xff, 0xd1, 0x7f, 0x31, 0xff, 0xd2, 0x81, 0x32, 0xff, 0xd2, 0x83,
  0x33, 0xff, 0xd3, 0x84, 0x34, 0xff, 0xd3, 0x84, 0x34, 0xff, 0xd4, 0x85, 0x34, 0xff, 0xd4, 0x85,
  0x34, 0xff, 0xd4, 0x85, 0x34, 0xff, 0xd4, 0x85, 0x34, 0xff, 0xd4, 0x85, 0x34, 0xff, 0xd4, 0x85,
  0x34, 0xff, 0xd4, 0x85, 0x34, 0xff, 0xd4, 0x85, 0x34, 0xff, 0xd4, 0x85, 0x34, 0xff, 0xd4, 0x85,
  0x34, 0xff, 0xd4, 0x85, 0x34, 0xff, 0xd4, 0x85, 0x34, 0xff, 0xd4, 0x85, 0x34, 0xff, 0xd4, 0x85,
  0x34, 0xff, 0xd4, 0x85, 0x34, 0xff, 0xd4, 0x85, 0x34, 0xff, 0xd4, 0x85, 0x34, 0xff, 0xd4, 0x85,
  0x34, 0xff, 0xd4, 0x85, 0x34, 0xff, 0xd4, 0x85, 0x34, 0xff, 0xd4, 0x85, 0x34, 0xff, 0xd4, 0x85,
  0x34, 0xff, 0xd4, 0x85, 0x34, 0xff, 0xd4, 0x85, 0x34, 0xff, 0xd4, 0x85, 0x34, 0xff, 0xd4, 0x85,
  0x34, 0xff, 0xd4, 0x85, 0x34, 0xff, 0xd4, 0x85, 0x34, 0xff, 0xd4, 0x85, 0x34, 0xff, 0xd4, 0x85,
  0x34, 0xff, 0xd4, 0x85, 0x34, 0xff, 0xd4, 0x85, 0x34, 0xff, 0xd4, 0x85, 0x34, 0xff, 0xd4, 0x85,
  0x34, 0xff, 0xd3, 0x84, 0x34, 0xff, 0xd3, 0x84, 0x34, 0xff, 0xd2, 0x83, 0x33, 0xff, 0xd2, 0x81,
  0x32, 0xff, 0xd1, 0x7f, 0x31, 0xff, 0xd0, 0x7d, 0x2f, 0xff, 0xce, 0x7a, 0x2d, 0xff, 0xcc, 0x79,
  0x2e, 0xfd, 0xc2, 0x6f, 0x28, 0x60, 0xb9, 0x68, 0x24, 0x00, 0x00, 0x00, 0x00, 0x00, 0x00, 0x00,
  0x00, 0x00, 0x00, 0x00, 0x00, 0x00, 0x00, 0x00, 0x00, 0x00, 0x00, 0x00, 0x00, 0x00, 0x00, 0x00,
  0x00, 0x00, 0x00, 0x00, 0x00, 0x00, 0x00, 0x00, 0x00, 0x00, 0x00, 0x00, 0x00, 0x00, 0x00, 0x00,
  0x00, 0x00, 0x00, 0x00, 0x00, 0x00, 0xb9, 0x69, 0x25, 0x02, 0xc4, 0x72, 0x2a, 0x91, 0xcd, 0x79,
  0x2e, 0xff, 0xce, 0x7a, 0x2d, 0xff, 0xd0, 0x7d, 0x2f, 0xff, 0xd1, 0x80, 0x31, 0xff, 0xd2, 0x82,
  0x32, 0xff, 0xd2, 0x83, 0x33, 0xff, 0xd3, 0x84, 0x34, 0xff, 0xd3, 0x85, 0x34, 0xff, 0xd4, 0x85,
  0x35, 0xff, 0xd4, 0x85, 0x35, 0xff, 0xd4, 0x86, 0x35, 0xff, 0xd4, 0x86, 0x35, 0xff, 0xd4, 0x86,
  0x35, 0xff, 0xd4, 0x86, 0x35, 0xff, 0xd4, 0x86, 0x35, 0xff, 0xd4, 0x86, 0x35, 0xff, 0xd4, 0x86,
  0x35, 0xff, 0xd4, 0x86, 0x35, 0xff, 0xd4, 0x86, 0x35, 0xff, 0xd4, 0x86, 0x35, 0xff, 0xd4, 0x86,
  0x35, 0xff, 0xd4, 0x86, 0x35, 0xff, 0xd4, 0x86, 0x35, 0xff, 0xd4, 0x86, 0x35, 0xff, 0xd4, 0x86,
  0x35, 0xff, 0xd4, 0x86, 0x35, 0xff, 0xd4, 0x86, 0x35, 0xff, 0xd4, 0x86, 0x35, 0xff, 0xd4, 0x86,
  0x35, 0xff, 0xd4, 0x86, 0x35, 0xff, 0xd4, 0x86, 0x35, 0xff, 0xd4, 0x86, 0x35, 0xff, 0xd4, 0x86,
  0x35, 0xff, 0xd4, 0x86, 0x35, 0xff, 0xd4, 0x86, 0x35, 0xff, 0xd4, 0x86, 0x35, 0xff, 0xd4, 0x86,
  0x35, 0xff, 0xd4, 0x86, 0x35, 0xff, 0xd4, 0x85, 0x35, 0xff, 0xd4, 0x85, 0x35, 0xff, 0xd3, 0x85,
  0x34, 0xff, 0xd3, 0x84, 0x34, 0xff, 0xd2, 0x83, 0x33, 0xff, 0xd2, 0x82, 0x32, 0xff, 0xd1, 0x80,
  0x31, 0xff, 0xd0, 0x7d, 0x2f, 0xff, 0xce, 0x7a, 0x2d, 0xff, 0xcd, 0x79, 0x2e, 0xff, 0xc4, 0x72,
  0x2a, 0x91, 0xb9, 0x69, 0x25, 0x02, 0x00, 0x00, 0x00, 0x00, 0x00, 0x00, 0x00, 0x00, 0x00, 0x00,
  0x00, 0x00, 0x00, 0x00, 0x00, 0x00, 0x00, 0x00, 0x00, 0x00, 0x00, 0x00, 0x00, 0x00, 0x00, 0x00,
  0x00, 0x00, 0x00, 0x00, 0x00, 0x00, 0x00, 0x00, 0x00, 0x00, 0x00, 0x00, 0x00, 0x00, 0x00, 0x00,
  0x00, 0x00, 0x00, 0x00, 0x00, 0x00, 0x00, 0x00, 0x00, 0x00, 0xbb, 0x6a, 0x25, 0x08, 0xc6, 0x73,
  0x2b, 0xad, 0xcd, 0x79, 0x2e, 0xff, 0xce, 0x7a, 0x2e, 0xff, 0xd0, 0x7d, 0x2f, 0xff, 0xd1, 0x80,
  0x31, 0xff, 0xd2, 0x82, 0x32, 0xff, 0xd2, 0x83, 0x33, 0xff, 0xd3, 0x84, 0x34, 0xff, 0xd3, 0x85,
  0x35, 0xff, 0xd4, 0x85, 0x35, 0xff, 0xd4, 0x85, 0x35, 0xff, 0xd4, 0x86, 0x35, 0xff, 0xd4, 0x86,
  0x35, 0xff, 0xd4, 0x86, 0x35, 0xff, 0xd4, 0x86, 0x35, 0xff, 0xd4, 0x86, 0x35, 0xff, 0xd4, 0x86,
  0x35, 0xff, 0xd4, 0x86, 0x35, 0xff, 0xd4, 0x86, 0x35, 0xff, 0xd4, 0x86, 0x35, 0xff, 0xd4, 0x86,
  0x35, 0xff, 0xd4, 0x86, 0x35, 0xff, 0xd4, 0x86, 0x35, 0xff, 0xd4, 0x86, 0x35, 0xff, 0xd4, 0x86,
  0x35, 0xff, 0xd4, 0x86, 0x35, 0xff, 0xd4, 0x86, 0x35, 0xff, 0xd4, 0x86, 0x35, 0xff, 0xd4, 0x86,
  0x35, 0xff, 0xd4, 0x86, 0x35, 0xff, 0xd4, 0x86, 0x35, 0xff, 0xd4, 0x86, 0x35, 0xff, 0xd4, 0x86,
  0x35, 0xff, 0xd4, 0x86, 0x35, 0xff, 0xd4, 0x86, 0x35, 0xff, 0xd4, 0x86, 0x35, 0xff, 0xd4, 0x86,
  0x35, 0xff, 0xd4, 0x85, 0x35, 0xff, 0xd4, 0x85, 0x35, 0xff, 0xd3, 0x85, 0x35, 0xff, 0xd3, 0x84,
  0x34, 0xff, 0xd2, 0x83, 0x33, 0xff, 0xd2, 0x82, 0x32, 0xff, 0xd1, 0x80, 0x31, 0xff, 0xd0, 0x7d,
  0x2f, 0xff, 0xce, 0x7a, 0x2e, 0xff, 0xcd, 0x79, 0x2e, 0xff, 0xc6, 0x73, 0x2b, 0xad, 0xbb, 0x6a,
  0x25, 0x08, 0x00, 0x00, 0x00, 0x00, 0x00, 0x00, 0x00, 0x00, 0x00, 0x00, 0x00, 0x00, 0x00, 0x00,
  0x00, 0x00, 0x00, 0x00, 0x00, 0x00, 0x00, 0x00, 0x00, 0x00, 0x00, 0x00, 0x00, 0x00, 0x00, 0x00,
  0x00, 0x00, 0x00, 0x00, 0x00, 0x00, 0x00, 0x00, 0x00, 0x00, 0x00, 0x00, 0x00, 0x00, 0x00, 0x00,
  0x00, 0x00, 0x00, 0x00, 0x00, 0x00, 0x00, 0x00, 0x00, 0x00, 0x00, 0x00, 0x00, 0x00, 0xbb, 0x6a,
  0x26, 0x0c, 0xc6, 0x74, 0x2c, 0xb3, 0xcd, 0x7a, 0x2f, 0xff, 0xce, 0x7b, 0x2e, 0xff, 0xd0, 0x7d,
  0x30, 0xff, 0xd1, 0x80, 0x31, 0xff, 0xd2, 0x82, 0x33, 0xff, 0xd2, 0x83, 0x34, 0xff, 0xd3, 0x84,
  0x34, 0xff, 0xd3, 0x85, 0x35, 0xff, 0xd4, 0x85, 0x35, 0xff, 0xd4, 0x86, 0x36, 0xff, 0xd4, 0x86,
  0x36, 0xff, 0xd4, 0x86, 0x36, 0xff, 0xd4, 0x86, 0x36, 0xff, 0xd4, 0x86, 0x36, 0xff, 0xd4, 0x86,
  0x36, 0xff, 0xd4, 0x86, 0x36, 0xff, 0xd4, 0x86, 0x36, 0xff, 0xd4, 0x86, 0x36, 0xff, 0xd4, 0x86,
  0x36, 0xff, 0xd4, 0x86, 0x36, 0xff, 0xd4, 0x86, 0x36, 0xff, 0xd4, 0x86, 0x36, 0xff, 0xd4, 0x86,
  0x36, 0xff, 0xd4, 0x86, 0x36, 0xff, 0xd4, 0x86, 0x36, 0xff, 0xd4, 0x86, 0x36, 0xff, 0xd4, 0x86,
  0x36, 0xff, 0xd4, 0x86, 0x36, 0xff, 0xd4, 0x86, 0x36, 0xff, 0xd4, 0x86, 0x36, 0xff, 0xd4, 0x86,
  0x36, 0xff, 0xd4, 0x86, 0x36, 0xff, 0xd4, 0x86, 0x36, 0xff, 0xd4, 0x86, 0x36, 0xff, 0xd4, 0x86,
  0x36, 0xff, 0xd4, 0x85, 0x35, 0xff, 0xd3, 0x85, 0x35, 0xff, 0xd3, 0x84, 0x34, 0xff, 0xd2, 0x83,
  0x34, 0xff, 0xd2, 0x82, 0x33, 0xff, 0xd1, 0x80, 0x31, 0xff, 0xd0, 0x7d, 0x30, 0xff, 0xce, 0x7b,
  0x2e, 0xff, 0xcd, 0x7a, 0x2f, 0xff, 0xc6, 0x74, 0x2c, 0xb3, 0xbb, 0x6a, 0x26, 0x0c, 0x00, 0x00,
  0x00, 0x00, 0x00, 0x00, 0x00, 0x00, 0x00, 0x00, 0x00, 0x00, 0x00, 0x00, 0x00, 0x00, 0x00, 0x00,
  0x00, 0x00, 0x00, 0x00, 0x00, 0x00, 0x00, 0x00, 0x00, 0x00, 0x00, 0x00, 0x00, 0x00, 0x00, 0x00,
  0x00, 0x00, 0x00, 0x00, 0x00, 0x00, 0x00, 0x00, 0x00, 0x00, 0x00, 0x00, 0x00, 0x00, 0x00, 0x00,
  0x00, 0x00, 0x00, 0x00, 0x00, 0x00, 0x00, 0x00, 0x00, 0x00, 0x00, 0x00, 0x00, 0x00, 0x00, 0x00,
  0x00, 0x00, 0xbd, 0x6c, 0x26, 0x0c, 0xc7, 0x75, 0x2c, 0xab, 0xce, 0x7a, 0x2f, 0xff, 0xcf, 0x7a,
  0x2e, 0xff, 0xd0, 0x7d, 0x2f, 0xff, 0xd1, 0x80, 0x31, 0xff, 0xd2, 0x81, 0x32, 0xff, 0xd3, 0x83,
  0x33, 0xff, 0xd3, 0x84, 0x34, 0xff, 0xd4, 0x85, 0x34, 0xff, 0xd4, 0x85, 0x35, 0xff, 0xd4, 0x86,
  0x35, 0xff, 0xd5, 0x86, 0x36, 0xff, 0xd5, 0x86, 0x36, 0xff, 0xd5, 0x87, 0x36, 0xff, 0xd5, 0x87,
  0x36, 0xff, 0xd5, 0x87, 0x36, 0xff, 0xd5, 0x87, 0x36, 0xff, 0xd5, 0x87, 0x36, 0xff, 0xd5, 0x87,
  0x36, 0xff, 0xd5, 0x87, 0x36, 0xff, 0xd5, 0x87, 0x36, 0xff, 0xd5, 0x87, 0x36, 0xff, 0xd5, 0x87,
  0x36, 0xff, 0xd5, 0x87, 0x36, 0xff, 0xd5, 0x87, 0x36, 0xff, 0xd5, 0x87, 0x36, 0xff, 0xd5, 0x87,
  0x36, 0xff, 0xd5, 0x87, 0x36, 0xff, 0xd5, 0x87, 0x36, 0xff, 0xd5, 0x87, 0x36, 0xff, 0xd5, 0x87,
  0x36, 0xff, 0xd5, 0x86, 0x36, 0xff, 0xd5, 0x86, 0x36, 0xff, 0xd4, 0x86, 0x35, 0xff, 0xd4, 0x85,
  0x35, 0xff, 0xd4, 0x85, 0x34, 0xff, 0xd3, 0x84, 0x34, 0xff, 0xd3, 0x83, 0x33, 0xff, 0xd2, 0x81,
  0x32, 0xff, 0xd1, 0x80, 0x31, 0xff, 0xd0, 0x7d, 0x2f, 0xff, 0xcf, 0x7a, 0x2e, 0xff, 0xce, 0x7a,
  0x2f, 0xff, 0xc7, 0x75, 0x2c, 0xab, 0xbd, 0x6c, 0x26, 0x0c, 0x00, 0x00, 0x00, 0x00, 0x00, 0x00,
  0x00, 0x00, 0x00, 0x00, 0x00, 0x00, 0x00, 0x00, 0x00, 0x00, 0x00, 0x00, 0x00, 0x00, 0x00, 0x00,
  0x00, 0x00, 0x00, 0x00, 0x00, 0x00, 0x00, 0x00, 0x00, 0x00, 0x00, 0x00, 0x00, 0x00, 0x00, 0x00,
  0x00, 0x00, 0x00, 0x00, 0x00, 0x00, 0x00, 0x00, 0x00, 0x00, 0x00, 0x00, 0x00, 0x00, 0x00, 0x00,
  0x00, 0x00, 0x00, 0x00, 0x00, 0x00, 0x00, 0x00, 0x00, 0x00, 0x00, 0x00, 0x00, 0x00, 0x00, 0x00,
  0x00, 0x00, 0x00, 0x00, 0x00, 0x00, 0xbc, 0x6b, 0x25, 0x08, 0xc6, 0x73, 0x2b, 0x91, 0xcd, 0x7a,
  0x2f, 0xfd, 0xcf, 0x7a, 0x2e, 0xff, 0xd0, 0x7c, 0x2f, 0xff, 0xd1, 0x7f, 0x31, 0xff, 0xd2, 0x81,
  0x32, 0xff, 0xd2, 0x82, 0x33, 0xff, 0xd3, 0x83, 0x34, 0xff, 0xd3, 0x84, 0x35, 0xff, 0xd4, 0x85,
  0x35, 0xff, 0xd4, 0x85, 0x35, 0xff, 0xd4, 0x86, 0x36, 0xff, 0xd4, 0x86, 0x36, 0xff, 0xd5, 0x86,
  0x36, 0xff, 0xd5, 0x86, 0x36, 0xff, 0xd5, 0x87, 0x36, 0xff, 0xd5, 0x87, 0x36, 0xff, 0xd5, 0x87,
  0x36, 0xff, 0xd5, 0x87, 0x36, 0xff, 0xd5, 0x87, 0x36, 0xff, 0xd5, 0x87, 0x36, 0xff, 0xd5, 0x87,
  0x36, 0xff, 0xd5, 0x87, 0x36, 0xff, 0xd5, 0x87, 0x36, 0xff, 0xd5, 0x87, 0x36, 0xff, 0xd5, 0x87,
  0x36, 0xff, 0xd5, 0x87, 0x36, 0xff, 0xd5, 0x86, 0x36, 0xff, 0xd5, 0x86, 0x36, 0xff, 0xd4, 0x86,
  0x36, 0xff, 0xd4, 0x86, 0x36, 0xff, 0xd4, 0x85, 0x35, 0xff, 0xd4, 0x85, 0x35, 0xff, 0xd3, 0x84,
  0x35, 0xff, 0xd3, 0x83, 0x34, 0xff, 0xd2, 0x82, 0x33, 0xff, 0xd2, 0x81, 0x32, 0xff, 0xd1, 0x7f,
  0x31, 0xff, 0xd0, 0x7c, 0x2f, 0xff, 0xcf, 0x7a, 0x2e, 0xff, 0xcd, 0x7a, 0x2f, 0xfd, 0xc6, 0x73,
  0x2b, 0x91, 0xbc, 0x6b, 0x25, 0x08, 0x00, 0x00, 0x00, 0x00, 0x00, 0x00, 0x00, 0x00, 0x00, 0x00,
  0x00, 0x00, 0x00, 0x00, 0x00, 0x00, 0x00, 0x00, 0x00, 0x00, 0x00, 0x00, 0x00, 0x00, 0x00, 0x00,
  0x00, 0x00, 0x00, 0x00, 0x00, 0x00, 0x00, 0x00, 0x00, 0x00, 0x00, 0x00, 0x00, 0x00, 0x00, 0x00,
  0x00, 0x00, 0x00, 0x00, 0x00, 0x00, 0x00, 0x00, 0x00, 0x00, 0x00, 0x00, 0x00, 0x00, 0x00, 0x00,
  0x00, 0x00, 0x00, 0x00, 0x00, 0x00, 0x00, 0x00, 0x00, 0x00, 0x00, 0x00, 0x00, 0x00, 0x00, 0x00,
  0x00, 0x00, 0x00, 0x00, 0x00, 0x00, 0x00, 0x00, 0x00, 0x00, 0xbc, 0x6a, 0x26, 0x02, 0xc4, 0x71,
  0x2a, 0x60, 0xcc, 0x79, 0x30, 0xef, 0xce, 0x7a, 0x2f, 0xff, 0xcf, 0x7b, 0x2f, 0xff, 0xd1, 0x7d,
  0x30, 0xff, 0xd1, 0x7f, 0x32, 0xff, 0xd2, 0x81, 0x33, 0xff, 0xd2, 0x82, 0x34, 0xff, 0xd3, 0x83,
  0x34, 0xff, 0xd3, 0x84, 0x35, 0xff, 0xd3, 0x85, 0x35, 0xff, 0xd4, 0x85, 0x36, 0xff, 0xd4, 0x85,
  0x36, 0xff, 0xd4, 0x86, 0x37, 0xff, 0xd4, 0x86, 0x37, 0xff, 0xd5, 0x86, 0x37, 0xff, 0xd5, 0x86,
  0x37, 0xff, 0xd5, 0x86, 0x38, 0xff, 0xd5, 0x87, 0x38, 0xff, 0xd5, 0x87, 0x38, 0xff, 0xd5, 0x87,
  0x38, 0xff, 0xd5, 0x87, 0x38, 0xff, 0xd5, 0x86, 0x38, 0xff, 0xd5, 0x86, 0x37, 0xff, 0xd5, 0x86,
  0x37, 0xff, 0xd4, 0x86, 0x37, 0xff, 0xd4, 0x86, 0x37, 0xff, 0xd4, 0x85, 0x36, 0xff, 0xd4, 0x85,
  0x36, 0xff, 0xd3, 0x85, 0x35, 0xff, 0xd3, 0x84, 0x35, 0xff, 0xd3, 0x83, 0x34, 0xff, 0xd2, 0x82,
  0x34, 0xff, 0xd2, 0x81, 0x33, 0xff, 0xd1, 0x7f, 0x32, 0xff, 0xd1, 0x7d, 0x30, 0xff, 0xcf, 0x7b,
  0x2f, 0xff, 0xce, 0x7a, 0x2f, 0xff, 0xcc, 0x79, 0x30, 0xef, 0xc4, 0x71, 0x2a, 0x60, 0xbc, 0x6a,
  0x26, 0x02, 0x00, 0x00, 0x00, 0x00, 0x00, 0x00, 0x00, 0x00, 0x00, 0x00, 0x00, 0x00, 0x00, 0x00,
  0x00, 0x00, 0x00, 0x00, 0x00, 0x00, 0x00, 0x00, 0x00, 0x00, 0x00, 0x00, 0x00, 0x00, 0x00, 0x00,
  0x00, 0x00, 0x00, 0x00, 0x00, 0x00, 0x00, 0x00, 0x00, 0x00, 0x00, 0x00, 0x00, 0x00, 0x00, 0x00,
  0x00, 0x00, 0x00, 0x00, 0x00, 0x00, 0x00, 0x00, 0x00, 0x00, 0x00, 0x00, 0x00, 0x00, 0x00, 0x00,
  0x00, 0x00, 0x00, 0x00, 0x00, 0x00, 0x00, 0x00, 0x00, 0x00, 0x00, 0x00, 0x00, 0x00, 0x00, 0x00,
  0x00, 0x00, 0x00, 0x00, 0x00, 0x00, 0x00, 0x00, 0x00, 0x00, 0x00, 0x00, 0x00, 0x00, 0xba, 0x69,
  0x25, 0x00, 0xc1, 0x6f, 0x28, 0x2a, 0xc9, 0x77, 0x2e, 0xc1, 0xce, 0x7b, 0x30, 0xfd, 0xce, 0x7b,
  0x2e, 0xff, 0xd0, 0x7d, 0x2f, 0xff, 0xd1, 0x7e, 0x31, 0xff, 0xd1, 0x80, 0x32, 0xff, 0xd2, 0x81,
  0x33, 0xff, 0xd2, 0x83, 0x33, 0xff, 0xd2, 0x84, 0x34, 0xff, 0xd3, 0x84, 0x34, 0xff, 0xd3, 0x85,
  0x35, 0xff, 0xd3, 0x85, 0x35, 0xff, 0xd4, 0x86, 0x35, 0xff, 0xd4, 0x86, 0x35, 0xff, 0xd4, 0x86,
  0x36, 0xff, 0xd4, 0x86, 0x36, 0xff, 0xd4, 0x86, 0x36, 0xff, 0xd4, 0x86, 0x36, 0xff, 0xd4, 0x86,
  0x36, 0xff, 0xd4, 0x86, 0x36, 0xff, 0xd4, 0x86, 0x36, 0xff, 0xd4, 0x86, 0x36, 0xff, 0xd4, 0x86,
  0x35, 0xff, 0xd4, 0x86, 0x35, 0xff, 0xd3, 0x85, 0x35, 0xff, 0xd3, 0x85, 0x35, 0xff, 0xd3, 0x84,
  0x34, 0xff, 0xd2, 0x84, 0x34, 0xff, 0xd2, 0x83, 0x33, 0xff, 0xd2, 0x81, 0x33, 0xff, 0xd1, 0x80,
  0x32, 0xff, 0xd1, 0x7e, 0x31, 0xff, 0xd0, 0x7d, 0x2f, 0xff, 0xce, 0x7b, 0x2e, 0xff, 0xce, 0x7b,
  0x30, 0xfd, 0xc9, 0x77, 0x2e, 0xc1, 0xc1, 0x6f, 0x28, 0x2a, 0xba, 0x69, 0x25, 0x00, 0x00, 0x00,
  0x00, 0x00, 0x00, 0x00, 0x00, 0x00, 0x00, 0x00, 0x00, 0x00, 0x00, 0x00, 0x00, 0x00, 0x00, 0x00,
  0x00, 0x00, 0x00, 0x00, 0x00, 0x00, 0x00, 0x00, 0x00, 0x00, 0x00, 0x00, 0x00, 0x00, 0x00, 0x00,
  0x00, 0x00, 0x00, 0x00, 0x00, 0x00, 0x00, 0x00, 0x00, 0x00, 0x00, 0x00, 0x00, 0x00, 0x00, 0x00,
  0x00, 0x00, 0x00, 0x00, 0x00, 0x00, 0x00, 0x00, 0x00, 0x00, 0x00, 0x00, 0x00, 0x00, 0x00, 0x00,
  0x00, 0x00, 0x00, 0x00, 0x00, 0x00, 0x00, 0x00, 0x00, 0x00, 0x00, 0x00, 0x00, 0x00, 0x00, 0x00,
  0x00, 0x00, 0x00, 0x00, 0x00, 0x00, 0x00, 0x00, 0x00, 0x00, 0x00, 0x00, 0x00, 0x00, 0x00, 0x00,
  0x00, 0x00, 0x00, 0x00, 0x00, 0x00, 0xbe, 0x6c, 0x26, 0x08, 0xc5, 0x73, 0x2b, 0x6a, 0xcb, 0x79,
  0x2f, 0xe7, 0xce, 0x7b, 0x2f, 0xff, 0xcf, 0x7b, 0x2e, 0xff, 0xd0, 0x7d, 0x2f, 0xff, 0xd1, 0x7e,
  0x30, 0xff, 0xd1, 0x80, 0x31, 0xff, 0xd1, 0x81, 0x32, 0xff, 0xd2, 0x82, 0x33, 0xff, 0xd2, 0x83,
  0x33, 0xff, 0xd2, 0x83, 0x34, 0xff, 0xd3, 0x84, 0x34, 0xff, 0xd3, 0x84, 0x34, 0xff, 0xd3, 0x84,
  0x34, 0xff, 0xd3, 0x85, 0x35, 0xff, 0xd3, 0x85, 0x35, 0xff, 0xd3, 0x85, 0x35, 0xff, 0xd3, 0x85,
  0x35, 0xff, 0xd3, 0x85, 0x35, 0xff, 0xd3, 0x85, 0x35, 0xff, 0xd3, 0x84, 0x34, 0xff, 0xd3, 0x84,
  0x34, 0xff, 0xd3, 0x84, 0x34, 0xff, 0xd2, 0x83, 0x34, 0xff, 0xd2, 0x83, 0x33, 0xff, 0xd2, 0x82,
  0x33, 0xff, 0xd1, 0x81, 0x32, 0xff, 0xd1, 0x80, 0x31, 0xff, 0xd1, 0x7e, 0x30, 0xff, 0xd0, 0x7d,
  0x2f, 0xff, 0xcf, 0x7b, 0x2e, 0xff, 0xce, 0x7b, 0x2f, 0xff, 0xcb, 0x79, 0x2f, 0xe7, 0xc5, 0x73,
  0x2b, 0x6a, 0xbe, 0x6c, 0x26, 0x08, 0x00, 0x00, 0x00, 0x00, 0x00, 0x00, 0x00, 0x00, 0x00, 0x00,
  0x00, 0x00, 0x00, 0x00, 0x00, 0x00, 0x00, 0x00, 0x00, 0x00, 0x00, 0x00, 0x00, 0x00, 0x00, 0x00,
  0x00, 0x00, 0x00, 0x00, 0x00, 0x00, 0x00, 0x00, 0x00, 0x00, 0x00, 0x00, 0x00, 0x00, 0x00, 0x00,
  0x00, 0x00, 0x00, 0x00, 0x00, 0x00, 0x00, 0x00, 0x00, 0x00, 0x00, 0x00, 0x00, 0x00, 0x00, 0x00,
  0x00, 0x00, 0x00, 0x00, 0x00, 0x00, 0x00, 0x00, 0x00, 0x00, 0x00, 0x00, 0x00, 0x00, 0x00, 0x00,
  0x00, 0x00, 0x00, 0x00, 0x00, 0x00, 0x00, 0x00, 0x00, 0x00, 0x00, 0x00, 0x00, 0x00, 0x00, 0x00,
  0x00, 0x00, 0x00, 0x00, 0x00, 0x00, 0x00, 0x00, 0x00, 0x00, 0x00, 0x00, 0x00, 0x00, 0x00, 0x00,
  0x00, 0x00, 0x00, 0x00, 0x00, 0x00, 0x00, 0x00, 0x00, 0x00, 0x00, 0x00, 0x00, 0x00, 0xbe, 0x6d,
  0x26, 0x16, 0xc6, 0x75, 0x2d, 0x87, 0xcb, 0x79, 0x30, 0xed, 0xce, 0x7b, 0x30, 0xff, 0xce, 0x7a,
  0x2f, 0xff, 0xcf, 0x7c, 0x2f, 0xff, 0xd0, 0x7d, 0x30, 0xff, 0xd1, 0x7e, 0x31, 0xff, 0xd1, 0x7f,
  0x32, 0xff, 0xd1, 0x80, 0x32, 0xff, 0xd2, 0x81, 0x33, 0xff, 0xd2, 0x82, 0x33, 0xff, 0xd2, 0x82,
  0x33, 0xff, 0xd2, 0x82, 0x34, 0xff, 0xd2, 0x82, 0x34, 0xff, 0xd2, 0x83, 0x34, 0xff, 0xd2, 0x83,
  0x34, 0xff, 0xd2, 0x82, 0x34, 0xff, 0xd2, 0x82, 0x34, 0xff, 0xd2, 0x82, 0x33, 0xff, 0xd2, 0x82,
  0x33, 0xff, 0xd2, 0x81, 0x33, 0xff, 0xd1, 0x80, 0x32, 0xff, 0xd1, 0x7f, 0x32, 0xff, 0xd1, 0x7e,
  0x31, 0xff, 0xd0, 0x7d, 0x30, 0xff, 0xcf, 0x7c, 0x2f, 0xff, 0xce, 0x7a, 0x2f, 0xff, 0xce, 0x7b,
  0x30, 0xff, 0xcb, 0x79, 0x30, 0xed, 0xc6, 0x75, 0x2d, 0x87, 0xbe, 0x6d, 0x26, 0x16, 0x00, 0x00,
  0x00, 0x00, 0x00, 0x00, 0x00, 0x00, 0x00, 0x00, 0x00, 0x00, 0x00, 0x00, 0x00, 0x00, 0x00, 0x00,
  0x00, 0x00, 0x00, 0x00, 0x00, 0x00, 0x00, 0x00, 0x00, 0x00, 0x00, 0x00, 0x00, 0x00, 0x00, 0x00,
  0x00, 0x00, 0x00, 0x00, 0x00, 0x00, 0x00, 0x00, 0x00, 0x00, 0x00, 0x00, 0x00, 0x00, 0x00, 0x00,
  0x00, 0x00, 0x00, 0x00, 0x00, 0x00, 0x00, 0x00, 0x00, 0x00, 0x00, 0x00, 0x00, 0x00, 0x00, 0x00,
  0x00, 0x00, 0x00, 0x00, 0x00, 0x00, 0x00, 0x00, 0x00, 0x00, 0x00, 0x00, 0x00, 0x00, 0x00, 0x00,
  0x00, 0x00, 0x00, 0x00, 0x00, 0x00, 0x00, 0x00, 0x00, 0x00, 0x00, 0x00, 0x00, 0x00, 0x00, 0x00,
  0x00, 0x00, 0x00, 0x00, 0x00, 0x00, 0x00, 0x00, 0x00, 0x00, 0x00, 0x00, 0x00, 0x00, 0x00, 0x00,
  0x00, 0x00, 0x00, 0x00, 0x00, 0x00, 0x00, 0x00, 0x00, 0x00, 0x00, 0x00, 0x00, 0x00, 0x00, 0x00,
  0x00, 0x00, 0xbb, 0x6a, 0x26, 0x00, 0xbf, 0x6d, 0x27, 0x16, 0xc5, 0x73, 0x2c, 0x74, 0xca, 0x78,
  0x30, 0xd5, 0xcd, 0x7a, 0x30, 0xfd, 0xce, 0x7a, 0x30, 0xff, 0xce, 0x7a, 0x2f, 0xff, 0xcf, 0x7b,
  0x2f, 0xff, 0xd0, 0x7c, 0x30, 0xff, 0xd0, 0x7d, 0x31, 0xff, 0xd0, 0x7e, 0x31, 0xff, 0xd1, 0x7e,
  0x31, 0xff, 0xd1, 0x7f, 0x32, 0xff, 0xd1, 0x7f, 0x32, 0xff, 0xd1, 0x7f, 0x32, 0xff, 0xd1, 0x7f,
  0x32, 0xff, 0xd1, 0x7f, 0x32, 0xff, 0xd1, 0x7f, 0x32, 0xff, 0xd1, 0x7e, 0x31, 0xff, 0xd0, 0x7e,
  0x31, 0xff, 0xd0, 0x7d, 0x31, 0xff, 0xd0, 0x7c, 0x30, 0xff, 0xcf, 0x7b, 0x2f, 0xff, 0xce, 0x7a,
  0x2f, 0xff, 0xce, 0x7a, 0x30, 0xff, 0xcd, 0x7a, 0x30, 0xfd, 0xca, 0x78, 0x30, 0xd5, 0xc5, 0x73,
  0x2c, 0x74, 0xbf, 0x6d, 0x27, 0x16, 0xbb, 0x6a, 0x26, 0x00, 0x00, 0x00, 0x00, 0x00, 0x00, 0x00,
  0x00, 0x00, 0x00, 0x00, 0x00, 0x00, 0x00, 0x00, 0x00, 0x00, 0x00, 0x00, 0x00, 0x00, 0x00, 0x00,
  0x00, 0x00, 0x00, 0x00, 0x00, 0x00, 0x00, 0x00, 0x00, 0x00, 0x00, 0x00, 0x00, 0x00, 0x00, 0x00,
  0x00, 0x00, 0x00, 0x00, 0x00, 0x00, 0x00, 0x00, 0x00, 0x00, 0x00, 0x00, 0x00, 0x00, 0x00, 0x00,
  0x00, 0x00, 0x00, 0x00, 0x00, 0x00, 0x00, 0x00, 0x00, 0x00, 0x00, 0x00, 0x00, 0x00, 0x00, 0x00,
  0x00, 0x00, 0x00, 0x00, 0x00, 0x00, 0x00, 0x00, 0x00, 0x00, 0x00, 0x00, 0x00, 0x00, 0x00, 0x00,
  0x00, 0x00, 0x00, 0x00, 0x00, 0x00, 0x00, 0x00, 0x00, 0x00, 0x00, 0x00, 0x00, 0x00, 0x00, 0x00,
  0x00, 0x00, 0x00, 0x00, 0x00, 0x00, 0x00, 0x00, 0x00, 0x00, 0x00, 0x00, 0x00, 0x00, 0x00, 0x00,
  0x00, 0x00, 0x00, 0x00, 0x00, 0x00, 0x00, 0x00, 0x00, 0x00, 0x00, 0x00, 0x00, 0x00, 0x00, 0x00,
  0x00, 0x00, 0x00, 0x00, 0x00, 0x00, 0x00, 0x00, 0x00, 0x00, 0xb8, 0x68, 0x25, 0x00, 0xbe, 0x6c,
  0x27, 0x08, 0xc2, 0x70, 0x2a, 0x3c, 0xc7, 0x76, 0x2e, 0x8d, 0xca, 0x78, 0x2f, 0xd5, 0xcc, 0x7a,
  0x30, 0xf7, 0xcd, 0x7b, 0x30, 0xff, 0xce, 0x7b, 0x2f, 0xff, 0xce, 0x7b, 0x2f, 0xff, 0xce, 0x7b,
  0x2f, 0xff, 0xcf, 0x7c, 0x2f, 0xff, 0xcf, 0x7c, 0x2f, 0xff, 0xcf, 0x7c, 0x2f, 0xff, 0xcf, 0x7c,
  0x2f, 0xff, 0xcf, 0x7c, 0x2f, 0xff, 0xcf, 0x7c, 0x2f, 0xff, 0xce, 0x7b, 0x2f, 0xff, 0xce, 0x7b,
  0x2f, 0xff, 0xce, 0x7b, 0x2f, 0xff, 0xcd, 0x7b, 0x30, 0xff, 0xcc, 0x7a, 0x30, 0xf7, 0xca, 0x78,
  0x2f, 0xd5, 0xc7, 0x76, 0x2e, 0x8d, 0xc2, 0x70, 0x2a, 0x3c, 0xbe, 0x6c, 0x27, 0x08, 0xb8, 0x68,
  0x25, 0x00, 0x00, 0x00, 0x00, 0x00, 0x00, 0x00, 0x00, 0x00, 0x00, 0x00, 0x00, 0x00, 0x00, 0x00,
  0x00, 0x00, 0x00, 0x00, 0x00, 0x00, 0x00, 0x00, 0x00, 0x00, 0x00, 0x00, 0x00, 0x00, 0x00, 0x00,
  0x00, 0x00, 0x00, 0x00, 0x00, 0x00, 0x00, 0x00, 0x00, 0x00, 0x00, 0x00, 0x00, 0x00, 0x00, 0x00,
  0x00, 0x00, 0x00, 0x00, 0x00, 0x00, 0x00, 0x00, 0x00, 0x00, 0x00, 0x00, 0x00, 0x00, 0x00, 0x00,
  0x00, 0x00, 0x00, 0x00, 0x00, 0x00, 0x00, 0x00, 0x00, 0x00, 0x00, 0x00, 0x00, 0x00, 0x00, 0x00,
  0x00, 0x00, 0x00, 0x00, 0x00, 0x00, 0x00, 0x00, 0x00, 0x00, 0x00, 0x00, 0x00, 0x00, 0x00, 0x00,
  0x00, 0x00, 0x00, 0x00, 0x00, 0x00, 0x00, 0x00, 0x00, 0x00, 0x00, 0x00, 0x00, 0x00, 0x00, 0x00,
  0x00, 0x00, 0x00, 0x00, 0x00, 0x00, 0x00, 0x00, 0x00, 0x00, 0x00, 0x00, 0x00, 0x00, 0x00, 0x00,
  0x00, 0x00, 0x00, 0x00, 0x00, 0x00, 0x00, 0x00, 0x00, 0x00, 0x00, 0x00, 0x00, 0x00, 0x00, 0x00,
  0x00, 0x00, 0x00, 0x00, 0x00, 0x00, 0x00, 0x00, 0x00, 0x00, 0x00, 0x00, 0x00, 0x00, 0x00, 0x00,
  0x00, 0x00, 0x00, 0x00, 0x00, 0x00, 0x00, 0x00, 0x00, 0x00, 0xbb, 0x6c, 0x26, 0x04, 0xc0, 0x6f,
  0x27, 0x22, 0xc4, 0x72, 0x2a, 0x54, 0xc7, 0x76, 0x2e, 0x85, 0xc8, 0x77, 0x2e, 0xad, 0xc9, 0x78,
  0x2e, 0xd1, 0xc9, 0x78, 0x2e, 0xe9, 0xca, 0x79, 0x2f, 0xf7, 0xca, 0x78, 0x2e, 0xfd, 0xca, 0x78,
  0x2e, 0xfd, 0xca, 0x79, 0x2f, 0xf7, 0xc9, 0x78, 0x2e, 0xe9, 0xc9, 0x78, 0x2e, 0xd1, 0xc8, 0x77,
  0x2e, 0xad, 0xc7, 0x76, 0x2e, 0x85, 0xc4, 0x72, 0x2a, 0x54, 0xc0, 0x6f, 0x27, 0x22, 0xbb, 0x6c,
  0x26, 0x04, 0x00, 0x00, 0x00, 0x00, 0x00, 0x00, 0x00, 0x00, 0x00, 0x00, 0x00, 0x00, 0x00, 0x00,
  0x00, 0x00, 0x00, 0x00, 0x00, 0x00, 0x00, 0x00, 0x00, 0x00, 0x00, 0x00, 0x00, 0x00, 0x00, 0x00,
  0x00, 0x00, 0x00, 0x00, 0x00, 0x00, 0x00, 0x00, 0x00, 0x00, 0x00, 0x00, 0x00, 0x00, 0x00, 0x00,
  0x00, 0x00, 0x00, 0x00, 0x00, 0x00, 0x00, 0x00, 0x00, 0x00, 0x00, 0x00, 0x00, 0x00, 0x00, 0x00,
  0x00, 0x00, 0x00, 0x00, 0x00, 0x00, 0x00, 0x00, 0x00, 0x00, 0x00, 0x00, 0x00, 0x00, 0x00, 0x00,
  0x00, 0x00, 0x00, 0x00, 0x00, 0x00, 0x00, 0x00, 0x00, 0x00, 0x00, 0x00, 0x00, 0x00, 0xff, 0xff,
  0xff, 0xc0, 0x03, 0xff, 0xff, 0xff, 0xff, 0xff, 0xfc, 0x00, 0x00, 0x3f, 0xff, 0xff, 0xff, 0xff,
  0xf0, 0x00, 0x00, 0x0f, 0xff, 0xff, 0xff, 0xff, 0x80, 0x00, 0x00, 0x01, 0xff, 0xff, 0xff, 0xff,
  0x00, 0x00, 0x00, 0x00, 0xff, 0xff, 0xff, 0xfc, 0x00, 0x00, 0x00, 0x00, 0x3f, 0xff, 0xff, 0xf8,
  0x00, 0x00, 0x00, 0x00, 0x1f, 0xff, 0xff, 0xe0, 0x00, 0x00, 0x00, 0x00, 0x07, 0xff, 0xff, 0xc0,
  0x00, 0x00, 0x00, 0x00, 0x03, 0xff, 0xff, 0x80, 0x00, 0x00, 0x00, 0x00, 0x01, 0xff, 0xff, 0x00,
  0x00, 0x00, 0x00, 0x00, 0x00, 0xff, 0xfe, 0x00, 0x00, 0x00, 0x00, 0x00, 0x00, 0x7f, 0xfe, 0x00,
  0x00, 0x00, 0x00, 0x00, 0x00, 0x7f, 0xfc, 0x00, 0x00, 0x00, 0x00, 0x00, 0x00, 0x3f, 0xf8, 0x00,
  0x00, 0x00, 0x00, 0x00, 0x00, 0x1f, 0xf8, 0x00, 0x00, 0x00, 0x00, 0x00, 0x00, 0x1f, 0xf0, 0x00,
  0x00, 0x00, 0x00, 0x00, 0x00, 0x0f, 0xe0, 0x00, 0x00, 0x00, 0x00, 0x00, 0x00, 0x07, 0xe0, 0x00,
  0x00, 0x00, 0x00, 0x00, 0x00, 0x07, 0xe0, 0x00, 0x00, 0x00, 0x00, 0x00, 0x00, 0x07, 0xc0, 0x00,
  0x00, 0x00, 0x00, 0x00, 0x00, 0x03, 0xc0, 0x00, 0x00, 0x00, 0x00, 0x00, 0x00, 0x03, 0x80, 0x00,
  0x00, 0x00, 0x00, 0x00, 0x00, 0x01, 0x80, 0x00, 0x00, 0x00, 0x00, 0x00, 0x00, 0x01, 0x80, 0x00,
  0x00, 0x00, 0x00, 0x00, 0x00, 0x01, 0x80, 0x00, 0x00, 0x00, 0x00, 0x00, 0x00, 0x01, 0x00, 0x00,
  0x00, 0x00, 0x00, 0x00, 0x00, 0x00, 0x00, 0x00, 0x00, 0x00, 0x00, 0x00, 0x00, 0x00, 0x00, 0x00,
  0x00, 0x00, 0x00, 0x00, 0x00, 0x00, 0x00, 0x00, 0x00, 0x00, 0x00, 0x00, 0x00, 0x00, 0x00, 0x00,
  0x00, 0x00, 0x00, 0x00, 0x00, 0x00, 0x00, 0x00, 0x00, 0x00, 0x00, 0x00, 0x00, 0x00, 0x00, 0x00,
  0x00, 0x00, 0x00, 0x00, 0x00, 0x00, 0x00, 0x00, 0x00, 0x00, 0x00, 0x00, 0x00, 0x00, 0x00, 0x00,
  0x00, 0x00, 0x00, 0x00, 0x00, 0x00, 0x00, 0x00, 0x00, 0x00, 0x00, 0x00, 0x00, 0x00, 0x00, 0x00,
  0x00, 0x00, 0x00, 0x00, 0x00, 0x00, 0x00, 0x00, 0x00, 0x00, 0x00, 0x00, 0x00, 0x00, 0x80, 0x00,
  0x00, 0x00, 0x00, 0x00, 0x00, 0x01, 0x80, 0x00, 0x00, 0x00, 0x00, 0x00, 0x00, 0x01, 0x80, 0x00,
  0x00, 0x00, 0x00, 0x00, 0x00, 0x01, 0x80, 0x00, 0x00, 0x00, 0x00, 0x00, 0x00, 0x01, 0xc0, 0x00,
  0x00, 0x00, 0x00, 0x00, 0x00, 0x03, 0xc0, 0x00, 0x00, 0x00, 0x00, 0x00, 0x00, 0x03, 0xe0, 0x00,
  0x00, 0x00, 0x00, 0x00, 0x00, 0x07, 0xe0, 0x00, 0x00, 0x00, 0x00, 0x00, 0x00, 0x07, 0xe0, 0x00,
  0x00, 0x00, 0x00, 0x00, 0x00, 0x07, 0xf0, 0x00, 0x00, 0x00, 0x00, 0x00, 0x00, 0x0f, 0xf8, 0x00,
  0x00, 0x00, 0x00, 0x00, 0x00, 0x1f, 0xf8, 0x00, 0x00, 0x00, 0x00, 0x00, 0x00, 0x1f, 0xfc, 0x00,
  0x00, 0x00, 0x00, 0x00, 0x00, 0x3f, 0xfe, 0x00, 0x00, 0x00, 0x00, 0x00, 0x00, 0x7f, 0xfe, 0x00,
  0x00, 0x00, 0x00, 0x00, 0x00, 0x7f, 0xff, 0x00, 0x00, 0x00, 0x00, 0x00, 0x00, 0xff, 0xff, 0x80,
  0x00, 0x00, 0x00, 0x00, 0x01, 0xff, 0xff, 0xc0, 0x00, 0x00, 0x00, 0x00, 0x03, 0xff, 0xff, 0xe0,
  0x00, 0x00, 0x00, 0x00, 0x07, 0xff, 0xff, 0xf8, 0x00, 0x00, 0x00, 0x00, 0x1f, 0xff, 0xff, 0xfc,
  0x00, 0x00, 0x00, 0x00, 0x3f, 0xff, 0xff, 0xff, 0x00, 0x00, 0x00, 0x00, 0xff, 0xff, 0xff, 0xff,
  0x80, 0x00, 0x00, 0x01, 0xff, 0xff, 0xff, 0xff, 0xf0, 0x00, 0x00, 0x0f, 0xff, 0xff, 0xff, 0xff,
  0xfc, 0x00, 0x00, 0x3f, 0xff, 0xff, 0xff, 0xff, 0xff, 0xc0, 0x03, 0xff, 0xff, 0xff
};
unsigned int favicon_ico_len = 16958;
